{
  "type": "FeatureCollection",
  "features": [
    {
      "type": "Feature",
      "properties": {
        "id": 1761386568843,
        "type": "parking_spot",
        "status": "available"
      },
      "geometry": {
        "type": "Polygon",
        "coordinates": [
          [
            [
              112.989315,
              23.00268
            ],
            [
              112.989655,
              23.00268
            ],
            [
              112.989655,
              23.00204
            ],
            [
              112.989315,
              23.00204
            ],
            [
              112.989315,
              23.00268
            ]
          ]
        ]
      }
    },
    {
      "type": "Feature",
      "properties": {
        "id": 1761386613453,
        "type": "parking_spot",
        "status": "available"
      },
      "geometry": {
        "type": "Polygon",
        "coordinates": [
          [
            [
              112.989655,
              23.00263
            ],
            [
              112.989975,
              23.00263
            ],
            [
              112.989975,
              23.00203
            ],
            [
              112.989655,
              23.00203
            ],
            [
              112.989655,
              23.00263
            ]
          ]
        ]
      }
    },
    {
      "type": "Feature",
      "properties": {
        "id": 1761386615794,
        "type": "parking_spot",
        "status": "available"
      },
      "geometry": {
        "type": "Polygon",
        "coordinates": [
          [
            [
              112.989975,
              23.00265
            ],
            [
              112.990285,
              23.00265
            ],
            [
              112.990285,
              23.00203
            ],
            [
              112.989975,
              23.00203
            ],
            [
              112.989975,
              23.00265
            ]
          ]
        ]
      }
    },
    {
      "type": "Feature",
      "properties": {
        "id": 1761386618445,
        "type": "parking_spot",
        "status": "available"
      },
      "geometry": {
        "type": "Polygon",
        "coordinates": [
          [
            [
              112.990445,
              23.00266
            ],
            [
              112.990755,
              23.00266
            ],
            [
              112.990755,
              23.00202
            ],
            [
              112.990445,
              23.00202
            ],
            [
              112.990445,
              23.00266
            ]
          ]
        ]
      }
    },
    {
      "type": "Feature",
      "properties": {
        "id": 1761386620232,
        "type": "parking_spot",
        "status": "available"
      },
      "geometry": {
        "type": "Polygon",
        "coordinates": [
          [
            [
              112.990725,
              23.00268
            ],
            [
              112.991055,
              23.00268
            ],
            [
              112.991055,
              23.00203
            ],
            [
              112.990725,
              23.00203
            ],
            [
              112.990725,
              23.00268
            ]
          ]
        ]
      }
    },
    {
      "type": "Feature",
      "properties": {
        "id": 1761386621863,
        "type": "parking_spot",
        "status": "available"
      },
      "geometry": {
        "type": "Polygon",
        "coordinates": [
          [
            [
              112.991065,
              23.00268
            ],
            [
              112.991385,
              23.00268
            ],
            [
              112.991385,
              23.00203
            ],
            [
              112.991065,
              23.00203
            ],
            [
              112.991065,
              23.00268
            ]
          ]
        ]
      }
    },
    {
      "type": "Feature",
      "properties": {
        "id": 1761386776424,
        "type": "parking_spot",
        "status": "available"
      },
      "geometry": {
        "type": "Polygon",
        "coordinates": [
          [
            [
              112.991555,
              23.00275
            ],
            [
              112.991925,
              23.00275
            ],
            [
              112.991925,
              23.00202
            ],
            [
              112.991555,
              23.00202
            ],
            [
              112.991555,
              23.00275
            ]
          ]
        ]
      }
    },
    {
      "type": "Feature",
      "properties": {
        "id": 1761386779193,
        "type": "parking_spot",
        "status": "available"
      },
      "geometry": {
        "type": "Polygon",
        "coordinates": [
          [
            [
              112.991915,
              23.00274
            ],
            [
              112.992185,
              23.00274
            ],
            [
              112.992185,
              23.00202
            ],
            [
              112.991915,
              23.00202
            ],
            [
              112.991915,
              23.00274
            ]
          ]
        ]
      }
    },
    {
      "type": "Feature",
      "properties": {
        "id": 1761386781438,
        "type": "parking_spot",
        "status": "available"
      },
      "geometry": {
        "type": "Polygon",
        "coordinates": [
          [
            [
              112.992225,
              23.00274
            ],
            [
              112.992545,
              23.00274
            ],
            [
              112.992545,
              23.00202
            ],
            [
              112.992225,
              23.00202
            ],
            [
              112.992225,
              23.00274
            ]
          ]
        ]
      }
    },
    {
      "type": "Feature",
      "properties": {
        "id": 1761386940866,
        "type": "parking_spot",
        "status": "available"
      },
      "geometry": {
        "type": "Polygon",
        "coordinates": [
          [
            [
              112.99269,
              23.002753333333334
            ],
            [
              112.99301666666666,
              23.002753333333334
            ],
            [
              112.99301666666666,
              23.00202
            ],
            [
              112.99269,
              23.00202
            ],
            [
              112.99269,
              23.002753333333334
            ]
          ]
        ]
      }
    },
    {
      "type": "Feature",
      "properties": {
        "id": 1761386943172,
        "type": "parking_spot",
        "status": "available"
      },
      "geometry": {
        "type": "Polygon",
        "coordinates": [
          [
            [
              112.99301666666666,
              23.00274
            ],
            [
              112.99335,
              23.00274
            ],
            [
              112.99335,
              23.002026666666666
            ],
            [
              112.99301666666666,
              23.002026666666666
            ],
            [
              112.99301666666666,
              23.00274
            ]
          ]
        ]
      }
    },
    {
      "type": "Feature",
      "properties": {
        "id": 1761386949887,
        "type": "parking_spot",
        "status": "available"
      },
      "geometry": {
        "type": "Polygon",
        "coordinates": [
          [
            [
              112.99334333333333,
              23.002753333333334
            ],
            [
              112.99364333333334,
              23.002753333333334
            ],
            [
              112.99364333333334,
              23.002033333333333
            ],
            [
              112.99334333333333,
              23.002033333333333
            ],
            [
              112.99334333333333,
              23.002753333333334
            ]
          ]
        ]
      }
    },
    {
      "type": "Feature",
      "properties": {
        "id": 1761386952874,
        "type": "parking_spot",
        "status": "available"
      },
      "geometry": {
        "type": "Polygon",
        "coordinates": [
          [
            [
              112.99389666666667,
              23.002726666666668
            ],
            [
              112.99421666666667,
              23.002726666666668
            ],
            [
              112.99421666666667,
              23.002026666666666
            ],
            [
              112.99389666666667,
              23.002026666666666
            ],
            [
              112.99389666666667,
              23.002726666666668
            ]
          ]
        ]
      }
    },
    {
      "type": "Feature",
      "properties": {
        "id": 1761386954716,
        "type": "parking_spot",
        "status": "available"
      },
      "geometry": {
        "type": "Polygon",
        "coordinates": [
          [
            [
              112.99423,
              23.00274
            ],
            [
              112.99455666666667,
              23.00274
            ],
            [
              112.99455666666667,
              23.002033333333333
            ],
            [
              112.99423,
              23.002033333333333
            ],
            [
              112.99423,
              23.00274
            ]
          ]
        ]
      }
    },
    {
      "type": "Feature",
      "properties": {
        "id": 1761386957050,
        "type": "parking_spot",
        "status": "available"
      },
      "geometry": {
        "type": "Polygon",
        "coordinates": [
          [
            [
              112.99454333333334,
              23.002746666666667
            ],
            [
              112.99487666666667,
              23.002746666666667
            ],
            [
              112.99487666666667,
              23.002013333333334
            ],
            [
              112.99454333333334,
              23.002013333333334
            ],
            [
              112.99454333333334,
              23.002746666666667
            ]
          ]
        ]
      }
    },
    {
      "type": "Feature",
      "properties": {
        "id": 1761386959083,
        "type": "parking_spot",
        "status": "available"
      },
      "geometry": {
        "type": "Polygon",
        "coordinates": [
          [
            [
              112.99501666666667,
              23.00274
            ],
            [
              112.99533666666666,
              23.00274
            ],
            [
              112.99533666666666,
              23.002033333333333
            ],
            [
              112.99501666666667,
              23.002033333333333
            ],
            [
              112.99501666666667,
              23.00274
            ]
          ]
        ]
      }
    },
    {
      "type": "Feature",
      "properties": {
        "id": 1761386961247,
        "type": "parking_spot",
        "status": "available"
      },
      "geometry": {
        "type": "Polygon",
        "coordinates": [
          [
            [
              112.99533,
              23.00276
            ],
            [
              112.99565666666666,
              23.00276
            ],
            [
              112.99565666666666,
              23.002026666666666
            ],
            [
              112.99533,
              23.002026666666666
            ],
            [
              112.99533,
              23.00276
            ]
          ]
        ]
      }
    },
    {
      "type": "Feature",
      "properties": {
        "id": 1761386963043,
        "type": "parking_spot",
        "status": "available"
      },
      "geometry": {
        "type": "Polygon",
        "coordinates": [
          [
            [
              112.99565,
              23.00273333333333
            ],
            [
              112.99596333333334,
              23.00273333333333
            ],
            [
              112.99596333333334,
              23.002026666666666
            ],
            [
              112.99565,
              23.002026666666666
            ],
            [
              112.99565,
              23.00273333333333
            ]
          ]
        ]
      }
    },
    {
      "type": "Feature",
      "properties": {
        "id": 1761386965702,
        "type": "parking_spot",
        "status": "available"
      },
      "geometry": {
        "type": "Polygon",
        "coordinates": [
          [
            [
              112.99619666666666,
              23.00276
            ],
            [
              112.99651666666666,
              23.00276
            ],
            [
              112.99651666666666,
              23.002026666666666
            ],
            [
              112.99619666666666,
              23.002026666666666
            ],
            [
              112.99619666666666,
              23.00276
            ]
          ]
        ]
      }
    },
    {
      "type": "Feature",
      "properties": {
        "id": 1761386968000,
        "type": "parking_spot",
        "status": "available"
      },
      "geometry": {
        "type": "Polygon",
        "coordinates": [
          [
            [
              112.99651,
              23.00276
            ],
            [
              112.99683666666667,
              23.00276
            ],
            [
              112.99683666666667,
              23.002026666666666
            ],
            [
              112.99651,
              23.002026666666666
            ],
            [
              112.99651,
              23.00276
            ]
          ]
        ]
      }
    },
    {
      "type": "Feature",
      "properties": {
        "id": 1761386969810,
        "type": "parking_spot",
        "status": "available"
      },
      "geometry": {
        "type": "Polygon",
        "coordinates": [
          [
            [
              112.99683,
              23.00276
            ],
            [
              112.99716333333333,
              23.00276
            ],
            [
              112.99716333333333,
              23.002013333333334
            ],
            [
              112.99683,
              23.002013333333334
            ],
            [
              112.99683,
              23.00276
            ]
          ]
        ]
      }
    },
    {
      "type": "Feature",
      "properties": {
        "id": 1761386971710,
        "type": "parking_spot",
        "status": "available"
      },
      "geometry": {
        "type": "Polygon",
        "coordinates": [
          [
            [
              112.99731,
              23.00274
            ],
            [
              112.99765,
              23.00274
            ],
            [
              112.99765,
              23.002013333333334
            ],
            [
              112.99731,
              23.002013333333334
            ],
            [
              112.99731,
              23.00274
            ]
          ]
        ]
      }
    },
    {
      "type": "Feature",
      "properties": {
        "id": 1761386973892,
        "type": "parking_spot",
        "status": "available"
      },
      "geometry": {
        "type": "Polygon",
        "coordinates": [
          [
            [
              112.99763,
              23.002753333333334
            ],
            [
              112.99794333333334,
              23.002753333333334
            ],
            [
              112.99794333333334,
              23.002033333333333
            ],
            [
              112.99763,
              23.002033333333333
            ],
            [
              112.99763,
              23.002753333333334
            ]
          ]
        ]
      }
    },
    {
      "type": "Feature",
      "properties": {
        "id": 1761386975972,
        "type": "parking_spot",
        "status": "available"
      },
      "geometry": {
        "type": "Polygon",
        "coordinates": [
          [
            [
              112.99795666666667,
              23.002753333333334
            ],
            [
              112.99827666666667,
              23.002753333333334
            ],
            [
              112.99827666666667,
              23.002013333333334
            ],
            [
              112.99795666666667,
              23.002013333333334
            ],
            [
              112.99795666666667,
              23.002753333333334
            ]
          ]
        ]
      }
    },
    {
      "type": "Feature",
      "properties": {
        "id": 1761386981821,
        "type": "parking_spot",
        "status": "available"
      },
      "geometry": {
        "type": "Polygon",
        "coordinates": [
          [
            [
              112.99841666666667,
              23.002753333333334
            ],
            [
              112.99875666666667,
              23.002753333333334
            ],
            [
              112.99875666666667,
              23.002046666666665
            ],
            [
              112.99841666666667,
              23.002046666666665
            ],
            [
              112.99841666666667,
              23.002753333333334
            ]
          ]
        ]
      }
    },
    {
      "type": "Feature",
      "properties": {
        "id": 1761386984158,
        "type": "parking_spot",
        "status": "available"
      },
      "geometry": {
        "type": "Polygon",
        "coordinates": [
          [
            [
              112.99875666666667,
              23.00273333333333
            ],
            [
              112.99909666666667,
              23.00273333333333
            ],
            [
              112.99909666666667,
              23.002026666666666
            ],
            [
              112.99875666666667,
              23.002026666666666
            ],
            [
              112.99875666666667,
              23.00273333333333
            ]
          ]
        ]
      }
    },
    {
      "type": "Feature",
      "properties": {
        "id": 1761386986730,
        "type": "parking_spot",
        "status": "available"
      },
      "geometry": {
        "type": "Polygon",
        "coordinates": [
          [
            [
              112.99909,
              23.002753333333334
            ],
            [
              112.99941666666666,
              23.002753333333334
            ],
            [
              112.99941666666666,
              23.002026666666666
            ],
            [
              112.99909,
              23.002026666666666
            ],
            [
              112.99909,
              23.002753333333334
            ]
          ]
        ]
      }
    },
    {
      "type": "Feature",
      "properties": {
        "id": 1761386988747,
        "type": "parking_spot",
        "status": "available"
      },
      "geometry": {
        "type": "Polygon",
        "coordinates": [
          [
            [
              112.99957666666667,
              23.00273333333333
            ],
            [
              112.99989666666667,
              23.00273333333333
            ],
            [
              112.99989666666667,
              23.002006666666666
            ],
            [
              112.99957666666667,
              23.002006666666666
            ],
            [
              112.99957666666667,
              23.00273333333333
            ]
          ]
        ]
      }
    },
    {
      "type": "Feature",
      "properties": {
        "id": 1761386990302,
        "type": "parking_spot",
        "status": "available"
      },
      "geometry": {
        "type": "Polygon",
        "coordinates": [
          [
            [
              112.99989666666667,
              23.00274
            ],
            [
              113.00021666666666,
              23.00274
            ],
            [
              113.00021666666666,
              23.002013333333334
            ],
            [
              112.99989666666667,
              23.002013333333334
            ],
            [
              112.99989666666667,
              23.00274
            ]
          ]
        ]
      }
    },
    {
      "type": "Feature",
      "properties": {
        "id": 1761387279246,
        "type": "parking_spot",
        "status": "available"
      },
      "geometry": {
        "type": "Polygon",
        "coordinates": [
          [
            [
              113.00022825683594,
              23.0027518367513
            ],
            [
              113.0005349235026,
              23.0027518367513
            ],
            [
              113.0005349235026,
              23.002038503417968
            ],
            [
              113.00022825683594,
              23.002038503417968
            ],
            [
              113.00022825683594,
              23.0027518367513
            ]
          ]
        ]
      }
    },
    {
      "type": "Feature",
      "properties": {
        "id": 1761387281317,
        "type": "parking_spot",
        "status": "available"
      },
      "geometry": {
        "type": "Polygon",
        "coordinates": [
          [
            [
              113.00070159016927,
              23.00273850341797
            ],
            [
              113.00102825683594,
              23.00273850341797
            ],
            [
              113.00102825683594,
              23.002038503417968
            ],
            [
              113.00070159016927,
              23.002038503417968
            ],
            [
              113.00070159016927,
              23.00273850341797
            ]
          ]
        ]
      }
    },
    {
      "type": "Feature",
      "properties": {
        "id": 1761387283077,
        "type": "parking_spot",
        "status": "available"
      },
      "geometry": {
        "type": "Polygon",
        "coordinates": [
          [
            [
              113.00102159016927,
              23.002745170084637
            ],
            [
              113.0013549235026,
              23.002745170084637
            ],
            [
              113.0013549235026,
              23.002045170084635
            ],
            [
              113.00102159016927,
              23.002045170084635
            ],
            [
              113.00102159016927,
              23.002745170084637
            ]
          ]
        ]
      }
    },
    {
      "type": "Feature",
      "properties": {
        "id": 1761387284569,
        "type": "parking_spot",
        "status": "available"
      },
      "geometry": {
        "type": "Polygon",
        "coordinates": [
          [
            [
              113.0013549235026,
              23.002745170084637
            ],
            [
              113.0016749235026,
              23.002745170084637
            ],
            [
              113.0016749235026,
              23.002025170084636
            ],
            [
              113.0013549235026,
              23.002025170084636
            ],
            [
              113.0013549235026,
              23.002745170084637
            ]
          ]
        ]
      }
    },
    {
      "type": "Feature",
      "properties": {
        "id": 1761387286307,
        "type": "parking_spot",
        "status": "available"
      },
      "geometry": {
        "type": "Polygon",
        "coordinates": [
          [
            [
              113.00180825683594,
              23.002745170084637
            ],
            [
              113.0021149235026,
              23.002745170084637
            ],
            [
              113.0021149235026,
              23.00201850341797
            ],
            [
              113.00180825683594,
              23.00201850341797
            ],
            [
              113.00180825683594,
              23.002745170084637
            ]
          ]
        ]
      }
    },
    {
      "type": "Feature",
      "properties": {
        "id": 1761387288100,
        "type": "parking_spot",
        "status": "available"
      },
      "geometry": {
        "type": "Polygon",
        "coordinates": [
          [
            [
              113.00213492350261,
              23.002731836751302
            ],
            [
              113.0024549235026,
              23.002731836751302
            ],
            [
              113.0024549235026,
              23.002031836751303
            ],
            [
              113.00213492350261,
              23.002031836751303
            ],
            [
              113.00213492350261,
              23.002731836751302
            ]
          ]
        ]
      }
    },
    {
      "type": "Feature",
      "properties": {
        "id": 1761387289672,
        "type": "parking_spot",
        "status": "available"
      },
      "geometry": {
        "type": "Polygon",
        "coordinates": [
          [
            [
              113.0024349235026,
              23.00275850341797
            ],
            [
              113.00276159016927,
              23.00275850341797
            ],
            [
              113.00276159016927,
              23.002038503417968
            ],
            [
              113.0024349235026,
              23.002038503417968
            ],
            [
              113.0024349235026,
              23.00275850341797
            ]
          ]
        ]
      }
    },
    {
      "type": "Feature",
      "properties": {
        "id": 1761387291534,
        "type": "parking_spot",
        "status": "available"
      },
      "geometry": {
        "type": "Polygon",
        "coordinates": [
          [
            [
              113.00292159016927,
              23.002745170084637
            ],
            [
              113.00324825683593,
              23.002745170084637
            ],
            [
              113.00324825683593,
              23.002025170084636
            ],
            [
              113.00292159016927,
              23.002025170084636
            ],
            [
              113.00292159016927,
              23.002745170084637
            ]
          ]
        ]
      }
    },
    {
      "type": "Feature",
      "properties": {
        "id": 1761387293250,
        "type": "parking_spot",
        "status": "available"
      },
      "geometry": {
        "type": "Polygon",
        "coordinates": [
          [
            [
              113.00326159016927,
              23.002745170084637
            ],
            [
              113.0035749235026,
              23.002745170084637
            ],
            [
              113.0035749235026,
              23.002031836751303
            ],
            [
              113.00326159016927,
              23.002031836751303
            ],
            [
              113.00326159016927,
              23.002745170084637
            ]
          ]
        ]
      }
    },
    {
      "type": "Feature",
      "properties": {
        "id": 1761387295055,
        "type": "parking_spot",
        "status": "available"
      },
      "geometry": {
        "type": "Polygon",
        "coordinates": [
          [
            [
              113.00358159016928,
              23.002745170084637
            ],
            [
              113.0039149235026,
              23.002745170084637
            ],
            [
              113.0039149235026,
              23.00201850341797
            ],
            [
              113.00358159016928,
              23.00201850341797
            ],
            [
              113.00358159016928,
              23.002745170084637
            ]
          ]
        ]
      }
    },
    {
      "type": "Feature",
      "properties": {
        "id": 1761387383358,
        "type": "parking_spot",
        "status": "available"
      },
      "geometry": {
        "type": "Polygon",
        "coordinates": [
          [
            [
              113.00408825683594,
              23.002745170084637
            ],
            [
              113.0044349235026,
              23.002745170084637
            ],
            [
              113.0044349235026,
              23.00201850341797
            ],
            [
              113.00408825683594,
              23.00201850341797
            ],
            [
              113.00408825683594,
              23.002745170084637
            ]
          ]
        ]
      }
    },
    {
      "type": "Feature",
      "properties": {
        "id": 1761387385418,
        "type": "parking_spot",
        "status": "available"
      },
      "geometry": {
        "type": "Polygon",
        "coordinates": [
          [
            [
              113.00444159016926,
              23.00273850341797
            ],
            [
              113.00476825683593,
              23.00273850341797
            ],
            [
              113.00476825683593,
              23.002031836751303
            ],
            [
              113.00444159016926,
              23.002031836751303
            ],
            [
              113.00444159016926,
              23.00273850341797
            ]
          ]
        ]
      }
    },
    {
      "type": "Feature",
      "properties": {
        "id": 1761387387520,
        "type": "parking_spot",
        "status": "available"
      },
      "geometry": {
        "type": "Polygon",
        "coordinates": [
          [
            [
              113.00476825683593,
              23.002745170084637
            ],
            [
              113.0050749235026,
              23.002745170084637
            ],
            [
              113.0050749235026,
              23.00201850341797
            ],
            [
              113.00476825683593,
              23.00201850341797
            ],
            [
              113.00476825683593,
              23.002745170084637
            ]
          ]
        ]
      }
    },
    {
      "type": "Feature",
      "properties": {
        "id": 1761387396619,
        "type": "parking_spot",
        "status": "available"
      },
      "geometry": {
        "type": "Polygon",
        "coordinates": [
          [
            [
              113.0052610970052,
              23.002747145106
            ],
            [
              113.00558776367187,
              23.002747145106
            ],
            [
              113.00558776367187,
              23.002027145106
            ],
            [
              113.0052610970052,
              23.002027145106
            ],
            [
              113.0052610970052,
              23.002747145106
            ]
          ]
        ]
      }
    },
    {
      "type": "Feature",
      "properties": {
        "id": 1761387398814,
        "type": "parking_spot",
        "status": "available"
      },
      "geometry": {
        "type": "Polygon",
        "coordinates": [
          [
            [
              113.00557443033854,
              23.002767145106
            ],
            [
              113.00590776367187,
              23.002767145106
            ],
            [
              113.00590776367187,
              23.002027145106
            ],
            [
              113.00557443033854,
              23.002027145106
            ],
            [
              113.00557443033854,
              23.002767145106
            ]
          ]
        ]
      }
    },
    {
      "type": "Feature",
      "properties": {
        "id": 1761387400512,
        "type": "parking_spot",
        "status": "available"
      },
      "geometry": {
        "type": "Polygon",
        "coordinates": [
          [
            [
              113.00591443033854,
              23.002747145106
            ],
            [
              113.00623443033854,
              23.002747145106
            ],
            [
              113.00623443033854,
              23.00204047843933
            ],
            [
              113.00591443033854,
              23.00204047843933
            ],
            [
              113.00591443033854,
              23.002747145106
            ]
          ]
        ]
      }
    },
    {
      "type": "Feature",
      "properties": {
        "id": 1761387402275,
        "type": "parking_spot",
        "status": "available"
      },
      "geometry": {
        "type": "Polygon",
        "coordinates": [
          [
            [
              113.00643443033854,
              23.002753811772664
            ],
            [
              113.00676776367187,
              23.002753811772664
            ],
            [
              113.00676776367187,
              23.002033811772666
            ],
            [
              113.00643443033854,
              23.002033811772666
            ],
            [
              113.00643443033854,
              23.002753811772664
            ]
          ]
        ]
      }
    },
    {
      "type": "Feature",
      "properties": {
        "id": 1761387403799,
        "type": "parking_spot",
        "status": "available"
      },
      "geometry": {
        "type": "Polygon",
        "coordinates": [
          [
            [
              113.00676109700521,
              23.002753811772664
            ],
            [
              113.00707443033855,
              23.002753811772664
            ],
            [
              113.00707443033855,
              23.00202047843933
            ],
            [
              113.00676109700521,
              23.00202047843933
            ],
            [
              113.00676109700521,
              23.002753811772664
            ]
          ]
        ]
      }
    },
    {
      "type": "Feature",
      "properties": {
        "id": 1761387405821,
        "type": "parking_spot",
        "status": "available"
      },
      "geometry": {
        "type": "Polygon",
        "coordinates": [
          [
            [
              113.00707443033855,
              23.002767145106
            ],
            [
              113.00739443033854,
              23.002767145106
            ],
            [
              113.00739443033854,
              23.002013811772663
            ],
            [
              113.00707443033855,
              23.002013811772663
            ],
            [
              113.00707443033855,
              23.002767145106
            ]
          ]
        ]
      }
    },
    {
      "type": "Feature",
      "properties": {
        "id": 1761387420720,
        "type": "parking_spot",
        "status": "available"
      },
      "geometry": {
        "type": "Polygon",
        "coordinates": [
          [
            [
              113.00756776367187,
              23.002742701009115
            ],
            [
              113.00788109700521,
              23.002742701009115
            ],
            [
              113.00788109700521,
              23.002022701009114
            ],
            [
              113.00756776367187,
              23.002022701009114
            ],
            [
              113.00756776367187,
              23.002742701009115
            ]
          ]
        ]
      }
    },
    {
      "type": "Feature",
      "properties": {
        "id": 1761387422597,
        "type": "parking_spot",
        "status": "available"
      },
      "geometry": {
        "type": "Polygon",
        "coordinates": [
          [
            [
              113.00789443033854,
              23.002742701009115
            ],
            [
              113.00821443033854,
              23.002742701009115
            ],
            [
              113.00821443033854,
              23.00203603434245
            ],
            [
              113.00789443033854,
              23.00203603434245
            ],
            [
              113.00789443033854,
              23.002742701009115
            ]
          ]
        ]
      }
    },
    {
      "type": "Feature",
      "properties": {
        "id": 1761387424716,
        "type": "parking_spot",
        "status": "available"
      },
      "geometry": {
        "type": "Polygon",
        "coordinates": [
          [
            [
              113.00821443033854,
              23.002722701009116
            ],
            [
              113.00851443033854,
              23.002722701009116
            ],
            [
              113.00851443033854,
              23.002022701009114
            ],
            [
              113.00821443033854,
              23.002022701009114
            ],
            [
              113.00821443033854,
              23.002722701009116
            ]
          ]
        ]
      }
    },
    {
      "type": "Feature",
      "properties": {
        "id": 1761387428072,
        "type": "parking_spot",
        "status": "available"
      },
      "geometry": {
        "type": "Polygon",
        "coordinates": [
          [
            [
              113.0089410970052,
              23.00230936767578
            ],
            [
              113.00964109700521,
              23.00230936767578
            ],
            [
              113.00964109700521,
              23.002002701009115
            ],
            [
              113.0089410970052,
              23.002002701009115
            ],
            [
              113.0089410970052,
              23.00230936767578
            ]
          ]
        ]
      }
    },
    {
      "type": "Feature",
      "properties": {
        "id": 1761387430585,
        "type": "parking_spot",
        "status": "available"
      },
      "geometry": {
        "type": "Polygon",
        "coordinates": [
          [
            [
              113.00981443033854,
              23.002749367675783
            ],
            [
              113.0101410970052,
              23.002749367675783
            ],
            [
              113.0101410970052,
              23.00203603434245
            ],
            [
              113.00981443033854,
              23.00203603434245
            ],
            [
              113.00981443033854,
              23.002749367675783
            ]
          ]
        ]
      }
    },
    {
      "type": "Feature",
      "properties": {
        "id": 1761387432965,
        "type": "parking_spot",
        "status": "available"
      },
      "geometry": {
        "type": "Polygon",
        "coordinates": [
          [
            [
              113.0101410970052,
              23.002749367675783
            ],
            [
              113.01046776367187,
              23.002749367675783
            ],
            [
              113.01046776367187,
              23.00202936767578
            ],
            [
              113.0101410970052,
              23.00202936767578
            ],
            [
              113.0101410970052,
              23.002749367675783
            ]
          ]
        ]
      }
    },
    {
      "type": "Feature",
      "properties": {
        "id": 1761387443143,
        "type": "parking_spot",
        "status": "available"
      },
      "geometry": {
        "type": "Polygon",
        "coordinates": [
          [
            [
              113.01047615885416,
              23.002749367675783
            ],
            [
              113.01077615885417,
              23.002749367675783
            ],
            [
              113.01077615885417,
              23.002022701009114
            ],
            [
              113.01047615885416,
              23.002022701009114
            ],
            [
              113.01047615885416,
              23.002749367675783
            ]
          ]
        ]
      }
    },
    {
      "type": "Feature",
      "properties": {
        "id": 1761387447576,
        "type": "parking_spot",
        "status": "available"
      },
      "geometry": {
        "type": "Polygon",
        "coordinates": [
          [
            [
              113.0089094921875,
              23.000807885945637
            ],
            [
              113.0096294921875,
              23.000807885945637
            ],
            [
              113.0096294921875,
              23.000494552612306
            ],
            [
              113.0089094921875,
              23.000494552612306
            ],
            [
              113.0089094921875,
              23.000807885945637
            ]
          ]
        ]
      }
    },
    {
      "type": "Feature",
      "properties": {
        "id": 1761387449898,
        "type": "parking_spot",
        "status": "available"
      },
      "geometry": {
        "type": "Polygon",
        "coordinates": [
          [
            [
              113.0086894921875,
              23.00050121927897
            ],
            [
              113.00942282552083,
              23.00050121927897
            ],
            [
              113.00942282552083,
              23.00016788594564
            ],
            [
              113.0086894921875,
              23.00016788594564
            ],
            [
              113.0086894921875,
              23.00050121927897
            ]
          ]
        ]
      }
    },
    {
      "type": "Feature",
      "properties": {
        "id": 1761387454874,
        "type": "parking_spot",
        "status": "available"
      },
      "geometry": {
        "type": "Polygon",
        "coordinates": [
          [
            [
              113.0087094921875,
              23.000161219278972
            ],
            [
              113.0094094921875,
              23.000161219278972
            ],
            [
              113.0094094921875,
              22.999847885945638
            ],
            [
              113.0087094921875,
              22.999847885945638
            ],
            [
              113.0087094921875,
              23.000161219278972
            ]
          ]
        ]
      }
    },
    {
      "type": "Feature",
      "properties": {
        "id": 1761387458075,
        "type": "parking_spot",
        "status": "available"
      },
      "geometry": {
        "type": "Polygon",
        "coordinates": [
          [
            [
              113.00870282552083,
              22.999759737599692
            ],
            [
              113.0094094921875,
              22.999759737599692
            ],
            [
              113.0094094921875,
              22.99941973759969
            ],
            [
              113.00870282552083,
              22.99941973759969
            ],
            [
              113.00870282552083,
              22.999759737599692
            ]
          ]
        ]
      }
    },
    {
      "type": "Feature",
      "properties": {
        "id": 1761387460195,
        "type": "parking_spot",
        "status": "available"
      },
      "geometry": {
        "type": "Polygon",
        "coordinates": [
          [
            [
              113.0087094921875,
              22.999406404266356
            ],
            [
              113.00941615885417,
              22.999406404266356
            ],
            [
              113.00941615885417,
              22.999119737599692
            ],
            [
              113.0087094921875,
              22.999119737599692
            ],
            [
              113.0087094921875,
              22.999406404266356
            ]
          ]
        ]
      }
    },
    {
      "type": "Feature",
      "properties": {
        "id": 1761387463958,
        "type": "parking_spot",
        "status": "available"
      },
      "geometry": {
        "type": "Polygon",
        "coordinates": [
          [
            [
              113.00869615885416,
              22.99907973759969
            ],
            [
              113.00939615885417,
              22.99907973759969
            ],
            [
              113.00939615885417,
              22.99877973759969
            ],
            [
              113.00869615885416,
              22.99877973759969
            ],
            [
              113.00869615885416,
              22.99907973759969
            ]
          ]
        ]
      }
    },
    {
      "type": "Feature",
      "properties": {
        "id": 1761387467023,
        "type": "parking_spot",
        "status": "available"
      },
      "geometry": {
        "type": "Polygon",
        "coordinates": [
          [
            [
              113.00869615885416,
              22.99869751530965
            ],
            [
              113.0093894921875,
              22.99869751530965
            ],
            [
              113.0093894921875,
              22.998377515309652
            ],
            [
              113.00869615885416,
              22.998377515309652
            ],
            [
              113.00869615885416,
              22.99869751530965
            ]
          ]
        ]
      }
    },
    {
      "type": "Feature",
      "properties": {
        "id": 1761387469886,
        "type": "parking_spot",
        "status": "available"
      },
      "geometry": {
        "type": "Polygon",
        "coordinates": [
          [
            [
              113.00869615885416,
              22.99828936706543
            ],
            [
              113.00942282552083,
              22.99828936706543
            ],
            [
              113.00942282552083,
              22.997962700398762
            ],
            [
              113.00869615885416,
              22.997962700398762
            ],
            [
              113.00869615885416,
              22.99828936706543
            ]
          ]
        ]
      }
    },
    {
      "type": "Feature",
      "properties": {
        "id": 1761387472130,
        "type": "parking_spot",
        "status": "available"
      },
      "geometry": {
        "type": "Polygon",
        "coordinates": [
          [
            [
              113.00869615885416,
              22.997956033732095
            ],
            [
              113.00942282552083,
              22.997956033732095
            ],
            [
              113.00942282552083,
              22.997642700398764
            ],
            [
              113.00869615885416,
              22.997642700398764
            ],
            [
              113.00869615885416,
              22.997956033732095
            ]
          ]
        ]
      }
    },
    {
      "type": "Feature",
      "properties": {
        "id": 1761387474416,
        "type": "parking_spot",
        "status": "available"
      },
      "geometry": {
        "type": "Polygon",
        "coordinates": [
          [
            [
              113.00868282552084,
              22.997642700398764
            ],
            [
              113.00941615885417,
              22.997642700398764
            ],
            [
              113.00941615885417,
              22.997316033732098
            ],
            [
              113.00868282552084,
              22.997316033732098
            ],
            [
              113.00868282552084,
              22.997642700398764
            ]
          ]
        ]
      }
    },
    {
      "type": "Feature",
      "properties": {
        "id": 1761387480867,
        "type": "parking_spot",
        "status": "available"
      },
      "geometry": {
        "type": "Polygon",
        "coordinates": [
          [
            [
              113.0069094921875,
              22.997622700398765
            ],
            [
              113.00763615885417,
              22.997622700398765
            ],
            [
              113.00763615885417,
              22.997282700398763
            ],
            [
              113.0069094921875,
              22.997282700398763
            ],
            [
              113.0069094921875,
              22.997622700398765
            ]
          ]
        ]
      }
    },
    {
      "type": "Feature",
      "properties": {
        "id": 1761387483764,
        "type": "parking_spot",
        "status": "available"
      },
      "geometry": {
        "type": "Polygon",
        "coordinates": [
          [
            [
              113.0069094921875,
              22.99794936706543
            ],
            [
              113.0076494921875,
              22.99794936706543
            ],
            [
              113.0076494921875,
              22.997622700398765
            ],
            [
              113.0069094921875,
              22.997622700398765
            ],
            [
              113.0069094921875,
              22.99794936706543
            ]
          ]
        ]
      }
    },
    {
      "type": "Feature",
      "properties": {
        "id": 1761387486627,
        "type": "parking_spot",
        "status": "available"
      },
      "geometry": {
        "type": "Polygon",
        "coordinates": [
          [
            [
              113.00689615885416,
              22.998276033732097
            ],
            [
              113.00762282552083,
              22.998276033732097
            ],
            [
              113.00762282552083,
              22.997936033732095
            ],
            [
              113.00689615885416,
              22.997936033732095
            ],
            [
              113.00689615885416,
              22.998276033732097
            ]
          ]
        ]
      }
    },
    {
      "type": "Feature",
      "properties": {
        "id": 1761387489888,
        "type": "parking_spot",
        "status": "available"
      },
      "geometry": {
        "type": "Polygon",
        "coordinates": [
          [
            [
              113.00671615885416,
              22.999124181976317
            ],
            [
              113.00743615885416,
              22.999124181976317
            ],
            [
              113.00743615885416,
              22.998790848642987
            ],
            [
              113.00671615885416,
              22.998790848642987
            ],
            [
              113.00671615885416,
              22.999124181976317
            ]
          ]
        ]
      }
    },
    {
      "type": "Feature",
      "properties": {
        "id": 1761387492550,
        "type": "parking_spot",
        "status": "available"
      },
      "geometry": {
        "type": "Polygon",
        "coordinates": [
          [
            [
              113.0067094921875,
              22.999450848642987
            ],
            [
              113.00744282552084,
              22.999450848642987
            ],
            [
              113.00744282552084,
              22.999124181976317
            ],
            [
              113.0067094921875,
              22.999124181976317
            ],
            [
              113.0067094921875,
              22.999450848642987
            ]
          ]
        ]
      }
    },
    {
      "type": "Feature",
      "properties": {
        "id": 1761387495164,
        "type": "parking_spot",
        "status": "available"
      },
      "geometry": {
        "type": "Polygon",
        "coordinates": [
          [
            [
              113.00668282552083,
              22.999750848642986
            ],
            [
              113.00744282552084,
              22.999750848642986
            ],
            [
              113.00744282552084,
              22.99944418197632
            ],
            [
              113.00668282552083,
              22.99944418197632
            ],
            [
              113.00668282552083,
              22.999750848642986
            ]
          ]
        ]
      }
    },
    {
      "type": "Feature",
      "properties": {
        "id": 1761387498123,
        "type": "parking_spot",
        "status": "available"
      },
      "geometry": {
        "type": "Polygon",
        "coordinates": [
          [
            [
              113.00669615885417,
              23.00017825616201
            ],
            [
              113.00744282552084,
              23.00017825616201
            ],
            [
              113.00744282552084,
              22.999844922828675
            ],
            [
              113.00669615885417,
              22.999844922828675
            ],
            [
              113.00669615885417,
              23.00017825616201
            ]
          ]
        ]
      }
    },
    {
      "type": "Feature",
      "properties": {
        "id": 1761387500498,
        "type": "parking_spot",
        "status": "available"
      },
      "geometry": {
        "type": "Polygon",
        "coordinates": [
          [
            [
              113.00672282552084,
              23.000504922828675
            ],
            [
              113.00743615885416,
              23.000504922828675
            ],
            [
              113.00743615885416,
              23.000158256162006
            ],
            [
              113.00672282552084,
              23.000158256162006
            ],
            [
              113.00672282552084,
              23.000504922828675
            ]
          ]
        ]
      }
    },
    {
      "type": "Feature",
      "properties": {
        "id": 1761387502702,
        "type": "parking_spot",
        "status": "available"
      },
      "geometry": {
        "type": "Polygon",
        "coordinates": [
          [
            [
              113.0067094921875,
              23.000824922828674
            ],
            [
              113.00744282552084,
              23.000824922828674
            ],
            [
              113.00744282552084,
              23.00049158949534
            ],
            [
              113.0067094921875,
              23.00049158949534
            ],
            [
              113.0067094921875,
              23.000824922828674
            ]
          ]
        ]
      }
    },
    {
      "type": "Feature",
      "properties": {
        "id": 1761387505795,
        "type": "parking_spot",
        "status": "available"
      },
      "geometry": {
        "type": "Polygon",
        "coordinates": [
          [
            [
              113.0058694921875,
              23.001078256162007
            ],
            [
              113.00621615885417,
              23.001078256162007
            ],
            [
              113.00621615885417,
              23.000364922828673
            ],
            [
              113.0058694921875,
              23.000364922828673
            ],
            [
              113.0058694921875,
              23.001078256162007
            ]
          ]
        ]
      }
    },
    {
      "type": "Feature",
      "properties": {
        "id": 1761387508240,
        "type": "parking_spot",
        "status": "available"
      },
      "geometry": {
        "type": "Polygon",
        "coordinates": [
          [
            [
              113.00557615885417,
              23.001064922828675
            ],
            [
              113.00588282552083,
              23.001064922828675
            ],
            [
              113.00588282552083,
              23.000364922828673
            ],
            [
              113.00557615885417,
              23.000364922828673
            ],
            [
              113.00557615885417,
              23.001064922828675
            ]
          ]
        ]
      }
    },
    {
      "type": "Feature",
      "properties": {
        "id": 1761387510429,
        "type": "parking_spot",
        "status": "available"
      },
      "geometry": {
        "type": "Polygon",
        "coordinates": [
          [
            [
              113.00524282552084,
              23.001098256162006
            ],
            [
              113.0055894921875,
              23.001098256162006
            ],
            [
              113.0055894921875,
              23.00035825616201
            ],
            [
              113.00524282552084,
              23.00035825616201
            ],
            [
              113.00524282552084,
              23.001098256162006
            ]
          ]
        ]
      }
    },
    {
      "type": "Feature",
      "properties": {
        "id": 1761387513450,
        "type": "parking_spot",
        "status": "available"
      },
      "geometry": {
        "type": "Polygon",
        "coordinates": [
          [
            [
              113.00590282552083,
              23.00031158949534
            ],
            [
              113.0062294921875,
              23.00031158949534
            ],
            [
              113.0062294921875,
              22.99961825616201
            ],
            [
              113.00590282552083,
              22.99961825616201
            ],
            [
              113.00590282552083,
              23.00031158949534
            ]
          ]
        ]
      }
    },
    {
      "type": "Feature",
      "properties": {
        "id": 1761387515540,
        "type": "parking_spot",
        "status": "available"
      },
      "geometry": {
        "type": "Polygon",
        "coordinates": [
          [
            [
              113.00557615885417,
              23.000324922828675
            ],
            [
              113.0059094921875,
              23.000324922828675
            ],
            [
              113.0059094921875,
              22.999624922828673
            ],
            [
              113.00557615885417,
              22.999624922828673
            ],
            [
              113.00557615885417,
              23.000324922828675
            ]
          ]
        ]
      }
    },
    {
      "type": "Feature",
      "properties": {
        "id": 1761387517494,
        "type": "parking_spot",
        "status": "available"
      },
      "geometry": {
        "type": "Polygon",
        "coordinates": [
          [
            [
              113.00525615885417,
              23.000338256162006
            ],
            [
              113.0055894921875,
              23.000338256162006
            ],
            [
              113.0055894921875,
              22.99961158949534
            ],
            [
              113.00525615885417,
              22.99961158949534
            ],
            [
              113.00525615885417,
              23.000338256162006
            ]
          ]
        ]
      }
    },
    {
      "type": "Feature",
      "properties": {
        "id": 1761387525486,
        "type": "parking_spot",
        "status": "available"
      },
      "geometry": {
        "type": "Polygon",
        "coordinates": [
          [
            [
              113.0058894921875,
              22.998456033732097
            ],
            [
              113.0062094921875,
              22.998456033732097
            ],
            [
              113.0062094921875,
              22.99774936706543
            ],
            [
              113.0058894921875,
              22.99774936706543
            ],
            [
              113.0058894921875,
              22.998456033732097
            ]
          ]
        ]
      }
    },
    {
      "type": "Feature",
      "properties": {
        "id": 1761387528091,
        "type": "parking_spot",
        "status": "available"
      },
      "geometry": {
        "type": "Polygon",
        "coordinates": [
          [
            [
              113.0055094921875,
              22.998456033732097
            ],
            [
              113.00592282552083,
              22.998456033732097
            ],
            [
              113.00592282552083,
              22.997722700398764
            ],
            [
              113.0055094921875,
              22.997722700398764
            ],
            [
              113.0055094921875,
              22.998456033732097
            ]
          ]
        ]
      }
    },
    {
      "type": "Feature",
      "properties": {
        "id": 1761387529732,
        "type": "parking_spot",
        "status": "available"
      },
      "geometry": {
        "type": "Polygon",
        "coordinates": [
          [
            [
              113.00522282552083,
              22.998442700398762
            ],
            [
              113.00553615885417,
              22.998442700398762
            ],
            [
              113.00553615885417,
              22.997742700398764
            ],
            [
              113.00522282552083,
              22.997742700398764
            ],
            [
              113.00522282552083,
              22.998442700398762
            ]
          ]
        ]
      }
    },
    {
      "type": "Feature",
      "properties": {
        "id": 1761387532357,
        "type": "parking_spot",
        "status": "available"
      },
      "geometry": {
        "type": "Polygon",
        "coordinates": [
          [
            [
              113.00475615885416,
              22.998456033732097
            ],
            [
              113.00511615885416,
              22.998456033732097
            ],
            [
              113.00511615885416,
              22.997716033732097
            ],
            [
              113.00475615885416,
              22.997716033732097
            ],
            [
              113.00475615885416,
              22.998456033732097
            ]
          ]
        ]
      }
    },
    {
      "type": "Feature",
      "properties": {
        "id": 1761387534180,
        "type": "parking_spot",
        "status": "available"
      },
      "geometry": {
        "type": "Polygon",
        "coordinates": [
          [
            [
              113.0044494921875,
              22.998442700398762
            ],
            [
              113.00480282552083,
              22.998442700398762
            ],
            [
              113.00480282552083,
              22.997716033732097
            ],
            [
              113.0044494921875,
              22.997716033732097
            ],
            [
              113.0044494921875,
              22.998442700398762
            ]
          ]
        ]
      }
    },
    {
      "type": "Feature",
      "properties": {
        "id": 1761387535973,
        "type": "parking_spot",
        "status": "available"
      },
      "geometry": {
        "type": "Polygon",
        "coordinates": [
          [
            [
              113.00412282552084,
              22.998442700398762
            ],
            [
              113.00445615885417,
              22.998442700398762
            ],
            [
              113.00445615885417,
              22.997736033732096
            ],
            [
              113.00412282552084,
              22.997736033732096
            ],
            [
              113.00412282552084,
              22.998442700398762
            ]
          ]
        ]
      }
    },
    {
      "type": "Feature",
      "properties": {
        "id": 1761387540034,
        "type": "parking_spot",
        "status": "available"
      },
      "geometry": {
        "type": "Polygon",
        "coordinates": [
          [
            [
              113.00320282552083,
              23.000318256162007
            ],
            [
              113.00391615885417,
              23.000318256162007
            ],
            [
              113.00391615885417,
              22.999964922828674
            ],
            [
              113.00320282552083,
              22.999964922828674
            ],
            [
              113.00320282552083,
              23.000318256162007
            ]
          ]
        ]
      }
    },
    {
      "type": "Feature",
      "properties": {
        "id": 1761387542331,
        "type": "parking_spot",
        "status": "available"
      },
      "geometry": {
        "type": "Polygon",
        "coordinates": [
          [
            [
              113.00354282552084,
              23.001091589495342
            ],
            [
              113.00390282552084,
              23.001091589495342
            ],
            [
              113.00390282552084,
              23.00037158949534
            ],
            [
              113.00354282552084,
              23.00037158949534
            ],
            [
              113.00354282552084,
              23.001091589495342
            ]
          ]
        ]
      }
    },
    {
      "type": "Feature",
      "properties": {
        "id": 1761387544064,
        "type": "parking_spot",
        "status": "available"
      },
      "geometry": {
        "type": "Polygon",
        "coordinates": [
          [
            [
              113.0032294921875,
              23.001091589495342
            ],
            [
              113.00354282552084,
              23.001091589495342
            ],
            [
              113.00354282552084,
              23.000364922828673
            ],
            [
              113.0032294921875,
              23.000364922828673
            ],
            [
              113.0032294921875,
              23.001091589495342
            ]
          ]
        ]
      }
    },
    {
      "type": "Feature",
      "properties": {
        "id": 1761387545743,
        "type": "parking_spot",
        "status": "available"
      },
      "geometry": {
        "type": "Polygon",
        "coordinates": [
          [
            [
              113.00293615885417,
              23.001098256162006
            ],
            [
              113.00324282552083,
              23.001098256162006
            ],
            [
              113.00324282552083,
              23.00035825616201
            ],
            [
              113.00293615885417,
              23.00035825616201
            ],
            [
              113.00293615885417,
              23.001098256162006
            ]
          ]
        ]
      }
    },
    {
      "type": "Feature",
      "properties": {
        "id": 1761387589463,
        "type": "parking_spot",
        "status": "available"
      },
      "geometry": {
        "type": "Polygon",
        "coordinates": [
          [
            [
              113.00244998535156,
              23.001093070933024
            ],
            [
              113.00276998535156,
              23.001093070933024
            ],
            [
              113.00276998535156,
              23.000353070933024
            ],
            [
              113.00244998535156,
              23.000353070933024
            ],
            [
              113.00244998535156,
              23.001093070933024
            ]
          ]
        ]
      }
    },
    {
      "type": "Feature",
      "properties": {
        "id": 1761387591498,
        "type": "parking_spot",
        "status": "available"
      },
      "geometry": {
        "type": "Polygon",
        "coordinates": [
          [
            [
              113.00211665201823,
              23.00110640426636
            ],
            [
              113.00245665201822,
              23.00110640426636
            ],
            [
              113.00245665201822,
              23.00036640426636
            ],
            [
              113.00211665201823,
              23.00036640426636
            ],
            [
              113.00211665201823,
              23.00110640426636
            ]
          ]
        ]
      }
    },
    {
      "type": "Feature",
      "properties": {
        "id": 1761387594452,
        "type": "parking_spot",
        "status": "available"
      },
      "geometry": {
        "type": "Polygon",
        "coordinates": [
          [
            [
              113.00181665201823,
              23.00110640426636
            ],
            [
              113.00212998535156,
              23.00110640426636
            ],
            [
              113.00212998535156,
              23.000373070933023
            ],
            [
              113.00181665201823,
              23.000373070933023
            ],
            [
              113.00181665201823,
              23.00110640426636
            ]
          ]
        ]
      }
    },
    {
      "type": "Feature",
      "properties": {
        "id": 1761387596777,
        "type": "parking_spot",
        "status": "available"
      },
      "geometry": {
        "type": "Polygon",
        "coordinates": [
          [
            [
              113.00180998535156,
              23.000313070933025
            ],
            [
              113.00252998535156,
              23.000313070933025
            ],
            [
              113.00252998535156,
              22.999966404266356
            ],
            [
              113.00180998535156,
              22.999966404266356
            ],
            [
              113.00180998535156,
              23.000313070933025
            ]
          ]
        ]
      }
    },
    {
      "type": "Feature",
      "properties": {
        "id": 1761387599113,
        "type": "parking_spot",
        "status": "available"
      },
      "geometry": {
        "type": "Polygon",
        "coordinates": [
          [
            [
              113.0002033186849,
              23.001079737599692
            ],
            [
              113.00054998535157,
              23.001079737599692
            ],
            [
              113.00054998535157,
              23.00035973759969
            ],
            [
              113.0002033186849,
              23.00035973759969
            ],
            [
              113.0002033186849,
              23.001079737599692
            ]
          ]
        ]
      }
    },
    {
      "type": "Feature",
      "properties": {
        "id": 1761387601386,
        "type": "parking_spot",
        "status": "available"
      },
      "geometry": {
        "type": "Polygon",
        "coordinates": [
          [
            [
              112.9999033186849,
              23.001093070933024
            ],
            [
              113.0002233186849,
              23.001093070933024
            ],
            [
              113.0002233186849,
              23.000373070933023
            ],
            [
              112.9999033186849,
              23.000373070933023
            ],
            [
              112.9999033186849,
              23.001093070933024
            ]
          ]
        ]
      }
    },
    {
      "type": "Feature",
      "properties": {
        "id": 1761387603322,
        "type": "parking_spot",
        "status": "available"
      },
      "geometry": {
        "type": "Polygon",
        "coordinates": [
          [
            [
              112.99954998535156,
              23.001113070933023
            ],
            [
              112.9999033186849,
              23.001113070933023
            ],
            [
              112.9999033186849,
              23.000353070933024
            ],
            [
              112.99954998535156,
              23.000353070933024
            ],
            [
              112.99954998535156,
              23.001113070933023
            ]
          ]
        ]
      }
    },
    {
      "type": "Feature",
      "properties": {
        "id": 1761387605194,
        "type": "parking_spot",
        "status": "available"
      },
      "geometry": {
        "type": "Polygon",
        "coordinates": [
          [
            [
              112.99906331868489,
              23.001093070933024
            ],
            [
              112.9994433186849,
              23.001093070933024
            ],
            [
              112.9994433186849,
              23.00036640426636
            ],
            [
              112.99906331868489,
              23.00036640426636
            ],
            [
              112.99906331868489,
              23.001093070933024
            ]
          ]
        ]
      }
    },
    {
      "type": "Feature",
      "properties": {
        "id": 1761387606826,
        "type": "parking_spot",
        "status": "available"
      },
      "geometry": {
        "type": "Polygon",
        "coordinates": [
          [
            [
              112.9987633186849,
              23.001079737599692
            ],
            [
              112.9990833186849,
              23.001079737599692
            ],
            [
              112.9990833186849,
              23.00035973759969
            ],
            [
              112.9987633186849,
              23.00035973759969
            ],
            [
              112.9987633186849,
              23.001079737599692
            ]
          ]
        ]
      }
    },
    {
      "type": "Feature",
      "properties": {
        "id": 1761387608423,
        "type": "parking_spot",
        "status": "available"
      },
      "geometry": {
        "type": "Polygon",
        "coordinates": [
          [
            [
              112.9984233186849,
              23.001079737599692
            ],
            [
              112.99877665201824,
              23.001079737599692
            ],
            [
              112.99877665201824,
              23.00036640426636
            ],
            [
              112.9984233186849,
              23.00036640426636
            ],
            [
              112.9984233186849,
              23.001079737599692
            ]
          ]
        ]
      }
    },
    {
      "type": "Feature",
      "properties": {
        "id": 1761387677706,
        "type": "parking_spot",
        "status": "available"
      },
      "geometry": {
        "type": "Polygon",
        "coordinates": [
          [
            [
              112.9979233186849,
              23.001093070933024
            ],
            [
              112.99826331868489,
              23.001093070933024
            ],
            [
              112.99826331868489,
              23.000373070933023
            ],
            [
              112.9979233186849,
              23.000373070933023
            ],
            [
              112.9979233186849,
              23.001093070933024
            ]
          ]
        ]
      }
    },
    {
      "type": "Feature",
      "properties": {
        "id": 1761387679819,
        "type": "parking_spot",
        "status": "available"
      },
      "geometry": {
        "type": "Polygon",
        "coordinates": [
          [
            [
              112.99760998535156,
              23.001079737599692
            ],
            [
              112.99794331868489,
              23.001079737599692
            ],
            [
              112.99794331868489,
              23.00035973759969
            ],
            [
              112.99760998535156,
              23.00035973759969
            ],
            [
              112.99760998535156,
              23.001079737599692
            ]
          ]
        ]
      }
    },
    {
      "type": "Feature",
      "properties": {
        "id": 1761387681880,
        "type": "parking_spot",
        "status": "available"
      },
      "geometry": {
        "type": "Polygon",
        "coordinates": [
          [
            [
              112.99729665201824,
              23.001093070933024
            ],
            [
              112.99763665201823,
              23.001093070933024
            ],
            [
              112.99763665201823,
              23.00035973759969
            ],
            [
              112.99729665201824,
              23.00035973759969
            ],
            [
              112.99729665201824,
              23.001093070933024
            ]
          ]
        ]
      }
    },
    {
      "type": "Feature",
      "properties": {
        "id": 1761387684064,
        "type": "parking_spot",
        "status": "available"
      },
      "geometry": {
        "type": "Polygon",
        "coordinates": [
          [
            [
              112.99683665201823,
              23.001079737599692
            ],
            [
              112.99717665201823,
              23.001079737599692
            ],
            [
              112.99717665201823,
              23.000373070933023
            ],
            [
              112.99683665201823,
              23.000373070933023
            ],
            [
              112.99683665201823,
              23.001079737599692
            ]
          ]
        ]
      }
    },
    {
      "type": "Feature",
      "properties": {
        "id": 1761387686104,
        "type": "parking_spot",
        "status": "available"
      },
      "geometry": {
        "type": "Polygon",
        "coordinates": [
          [
            [
              112.99650998535157,
              23.001079737599692
            ],
            [
              112.9968433186849,
              23.001079737599692
            ],
            [
              112.9968433186849,
              23.00036640426636
            ],
            [
              112.99650998535157,
              23.00036640426636
            ],
            [
              112.99650998535157,
              23.001079737599692
            ]
          ]
        ]
      }
    },
    {
      "type": "Feature",
      "properties": {
        "id": 1761387688619,
        "type": "parking_spot",
        "status": "available"
      },
      "geometry": {
        "type": "Polygon",
        "coordinates": [
          [
            [
              112.99616998535156,
              23.001079737599692
            ],
            [
              112.99650998535157,
              23.001079737599692
            ],
            [
              112.99650998535157,
              23.00035973759969
            ],
            [
              112.99616998535156,
              23.00035973759969
            ],
            [
              112.99616998535156,
              23.001079737599692
            ]
          ]
        ]
      }
    },
    {
      "type": "Feature",
      "properties": {
        "id": 1761387695464,
        "type": "parking_spot",
        "status": "available"
      },
      "geometry": {
        "type": "Polygon",
        "coordinates": [
          [
            [
              112.99563121948242,
              23.001093811772666
            ],
            [
              112.99596455281575,
              23.001093811772666
            ],
            [
              112.99596455281575,
              23.000367145105997
            ],
            [
              112.99563121948242,
              23.000367145105997
            ],
            [
              112.99563121948242,
              23.001093811772666
            ]
          ]
        ]
      }
    },
    {
      "type": "Feature",
      "properties": {
        "id": 1761387697440,
        "type": "parking_spot",
        "status": "available"
      },
      "geometry": {
        "type": "Polygon",
        "coordinates": [
          [
            [
              112.99530455281575,
              23.001093811772666
            ],
            [
              112.99564455281576,
              23.001093811772666
            ],
            [
              112.99564455281576,
              23.00036047843933
            ],
            [
              112.99530455281575,
              23.00036047843933
            ],
            [
              112.99530455281575,
              23.001093811772666
            ]
          ]
        ]
      }
    },
    {
      "type": "Feature",
      "properties": {
        "id": 1761387699943,
        "type": "parking_spot",
        "status": "available"
      },
      "geometry": {
        "type": "Polygon",
        "coordinates": [
          [
            [
              112.99498455281575,
              23.001107145105998
            ],
            [
              112.99533121948242,
              23.001107145105998
            ],
            [
              112.99533121948242,
              23.000353811772666
            ],
            [
              112.99498455281575,
              23.000353811772666
            ],
            [
              112.99498455281575,
              23.001107145105998
            ]
          ]
        ]
      }
    },
    {
      "type": "Feature",
      "properties": {
        "id": 1761387702320,
        "type": "parking_spot",
        "status": "available"
      },
      "geometry": {
        "type": "Polygon",
        "coordinates": [
          [
            [
              112.99445788614909,
              23.001093811772666
            ],
            [
              112.9947778861491,
              23.001093811772666
            ],
            [
              112.9947778861491,
              23.000373811772665
            ],
            [
              112.99445788614909,
              23.000373811772665
            ],
            [
              112.99445788614909,
              23.001093811772666
            ]
          ]
        ]
      }
    },
    {
      "type": "Feature",
      "properties": {
        "id": 1761387704694,
        "type": "parking_spot",
        "status": "available"
      },
      "geometry": {
        "type": "Polygon",
        "coordinates": [
          [
            [
              112.99415121948242,
              23.00108047843933
            ],
            [
              112.99448455281575,
              23.00108047843933
            ],
            [
              112.99448455281575,
              23.000367145105997
            ],
            [
              112.99415121948242,
              23.000367145105997
            ],
            [
              112.99415121948242,
              23.00108047843933
            ]
          ]
        ]
      }
    },
    {
      "type": "Feature",
      "properties": {
        "id": 1761387708587,
        "type": "parking_spot",
        "status": "available"
      },
      "geometry": {
        "type": "Polygon",
        "coordinates": [
          [
            [
              112.99383121948242,
              23.001107145105998
            ],
            [
              112.99413788614909,
              23.001107145105998
            ],
            [
              112.99413788614909,
              23.00036047843933
            ],
            [
              112.99383121948242,
              23.00036047843933
            ],
            [
              112.99383121948242,
              23.001107145105998
            ]
          ]
        ]
      }
    },
    {
      "type": "Feature",
      "properties": {
        "id": 1761387710696,
        "type": "parking_spot",
        "status": "available"
      },
      "geometry": {
        "type": "Polygon",
        "coordinates": [
          [
            [
              112.99331121948242,
              23.00108047843933
            ],
            [
              112.99365121948242,
              23.00108047843933
            ],
            [
              112.99365121948242,
              23.000353811772666
            ],
            [
              112.99331121948242,
              23.000353811772666
            ],
            [
              112.99331121948242,
              23.00108047843933
            ]
          ]
        ]
      }
    },
    {
      "type": "Feature",
      "properties": {
        "id": 1761387712632,
        "type": "parking_spot",
        "status": "available"
      },
      "geometry": {
        "type": "Polygon",
        "coordinates": [
          [
            [
              112.99300455281576,
              23.00108047843933
            ],
            [
              112.99330455281576,
              23.00108047843933
            ],
            [
              112.99330455281576,
              23.000367145105997
            ],
            [
              112.99300455281576,
              23.000367145105997
            ],
            [
              112.99300455281576,
              23.00108047843933
            ]
          ]
        ]
      }
    },
    {
      "type": "Feature",
      "properties": {
        "id": 1761387714730,
        "type": "parking_spot",
        "status": "available"
      },
      "geometry": {
        "type": "Polygon",
        "coordinates": [
          [
            [
              112.99267788614908,
              23.001113811772665
            ],
            [
              112.99300455281576,
              23.001113811772665
            ],
            [
              112.99300455281576,
              23.000373811772665
            ],
            [
              112.99267788614908,
              23.000373811772665
            ],
            [
              112.99267788614908,
              23.001113811772665
            ]
          ]
        ]
      }
    },
    {
      "type": "Feature",
      "properties": {
        "id": 1761387724908,
        "type": "parking_spot",
        "status": "available"
      },
      "geometry": {
        "type": "Polygon",
        "coordinates": [
          [
            [
              112.9904082561779,
              23.000817515309652
            ],
            [
              112.99074158951123,
              23.000817515309652
            ],
            [
              112.99074158951123,
              23.00011751530965
            ],
            [
              112.9904082561779,
              23.00011751530965
            ],
            [
              112.9904082561779,
              23.000817515309652
            ]
          ]
        ]
      }
    },
    {
      "type": "Feature",
      "properties": {
        "id": 1761387726892,
        "type": "parking_spot",
        "status": "available"
      },
      "geometry": {
        "type": "Polygon",
        "coordinates": [
          [
            [
              112.9907682561779,
              23.00082418197632
            ],
            [
              112.99149492284457,
              23.00082418197632
            ],
            [
              112.99149492284457,
              23.00049751530965
            ],
            [
              112.9907682561779,
              23.00049751530965
            ],
            [
              112.9907682561779,
              23.00082418197632
            ]
          ]
        ]
      }
    },
    {
      "type": "Feature",
      "properties": {
        "id": 1761387728857,
        "type": "parking_spot",
        "status": "available"
      },
      "geometry": {
        "type": "Polygon",
        "coordinates": [
          [
            [
              112.99078825617791,
              23.00048418197632
            ],
            [
              112.99147492284457,
              23.00048418197632
            ],
            [
              112.99147492284457,
              23.000170848642984
            ],
            [
              112.99078825617791,
              23.000170848642984
            ],
            [
              112.99078825617791,
              23.00048418197632
            ]
          ]
        ]
      }
    },
    {
      "type": "Feature",
      "properties": {
        "id": 1761387730869,
        "type": "parking_spot",
        "status": "available"
      },
      "geometry": {
        "type": "Polygon",
        "coordinates": [
          [
            [
              112.99075492284457,
              23.00017751530965
            ],
            [
              112.99148158951124,
              23.00017751530965
            ],
            [
              112.99148158951124,
              22.999857515309653
            ],
            [
              112.99075492284457,
              22.999857515309653
            ],
            [
              112.99075492284457,
              23.00017751530965
            ]
          ]
        ]
      }
    },
    {
      "type": "Feature",
      "properties": {
        "id": 1761387732734,
        "type": "parking_spot",
        "status": "available"
      },
      "geometry": {
        "type": "Polygon",
        "coordinates": [
          [
            [
              112.99075492284457,
              22.999764181976317
            ],
            [
              112.99150158951123,
              22.999764181976317
            ],
            [
              112.99150158951123,
              22.99942418197632
            ],
            [
              112.99075492284457,
              22.99942418197632
            ],
            [
              112.99075492284457,
              22.999764181976317
            ]
          ]
        ]
      }
    },
    {
      "type": "Feature",
      "properties": {
        "id": 1761387734650,
        "type": "parking_spot",
        "status": "available"
      },
      "geometry": {
        "type": "Polygon",
        "coordinates": [
          [
            [
              112.99075492284457,
              22.999430848642984
            ],
            [
              112.99150825617791,
              22.999430848642984
            ],
            [
              112.99150825617791,
              22.999110848642985
            ],
            [
              112.99075492284457,
              22.999110848642985
            ],
            [
              112.99075492284457,
              22.999430848642984
            ]
          ]
        ]
      }
    },
    {
      "type": "Feature",
      "properties": {
        "id": 1761387736985,
        "type": "parking_spot",
        "status": "available"
      },
      "geometry": {
        "type": "Polygon",
        "coordinates": [
          [
            [
              112.9907682561779,
              22.999124181976317
            ],
            [
              112.99149492284457,
              22.999124181976317
            ],
            [
              112.99149492284457,
              22.99879751530965
            ],
            [
              112.9907682561779,
              22.99879751530965
            ],
            [
              112.9907682561779,
              22.999124181976317
            ]
          ]
        ]
      }
    },
    {
      "type": "Feature",
      "properties": {
        "id": 1761387741079,
        "type": "parking_spot",
        "status": "available"
      },
      "geometry": {
        "type": "Polygon",
        "coordinates": [
          [
            [
              112.99081492284456,
              22.9982752927653
            ],
            [
              112.99156158951124,
              22.9982752927653
            ],
            [
              112.99156158951124,
              22.997928626098634
            ],
            [
              112.99081492284456,
              22.997928626098634
            ],
            [
              112.99081492284456,
              22.9982752927653
            ]
          ]
        ]
      }
    },
    {
      "type": "Feature",
      "properties": {
        "id": 1761387743012,
        "type": "parking_spot",
        "status": "available"
      },
      "geometry": {
        "type": "Polygon",
        "coordinates": [
          [
            [
              112.99083492284457,
              22.9979352927653
            ],
            [
              112.99156158951124,
              22.9979352927653
            ],
            [
              112.99156158951124,
              22.997608626098632
            ],
            [
              112.99083492284457,
              22.997608626098632
            ],
            [
              112.99083492284457,
              22.9979352927653
            ]
          ]
        ]
      }
    },
    {
      "type": "Feature",
      "properties": {
        "id": 1761387746050,
        "type": "parking_spot",
        "status": "available"
      },
      "geometry": {
        "type": "Polygon",
        "coordinates": [
          [
            [
              112.99081492284456,
              22.997621959431967
            ],
            [
              112.99156158951124,
              22.997621959431967
            ],
            [
              112.99156158951124,
              22.9972752927653
            ],
            [
              112.99081492284456,
              22.9972752927653
            ],
            [
              112.99081492284456,
              22.997621959431967
            ]
          ]
        ]
      }
    },
    {
      "type": "Feature",
      "properties": {
        "id": 1761387751405,
        "type": "parking_spot",
        "status": "available"
      },
      "geometry": {
        "type": "Polygon",
        "coordinates": [
          [
            [
              112.99253492284457,
              22.997644922485353
            ],
            [
              112.99328158951124,
              22.997644922485353
            ],
            [
              112.99328158951124,
              22.997271589152017
            ],
            [
              112.99253492284457,
              22.997271589152017
            ],
            [
              112.99253492284457,
              22.997644922485353
            ]
          ]
        ]
      }
    },
    {
      "type": "Feature",
      "properties": {
        "id": 1761387753496,
        "type": "parking_spot",
        "status": "available"
      },
      "geometry": {
        "type": "Polygon",
        "coordinates": [
          [
            [
              112.9925482561779,
              22.997958255818684
            ],
            [
              112.9932682561779,
              22.997958255818684
            ],
            [
              112.9932682561779,
              22.997638255818686
            ],
            [
              112.9925482561779,
              22.997638255818686
            ],
            [
              112.9925482561779,
              22.997958255818684
            ]
          ]
        ]
      }
    },
    {
      "type": "Feature",
      "properties": {
        "id": 1761387755424,
        "type": "parking_spot",
        "status": "available"
      },
      "geometry": {
        "type": "Polygon",
        "coordinates": [
          [
            [
              112.9925482561779,
              22.998278255818686
            ],
            [
              112.99327492284456,
              22.998278255818686
            ],
            [
              112.99327492284456,
              22.997951589152017
            ],
            [
              112.9925482561779,
              22.997951589152017
            ],
            [
              112.9925482561779,
              22.998278255818686
            ]
          ]
        ]
      }
    },
    {
      "type": "Feature",
      "properties": {
        "id": 1761387757360,
        "type": "parking_spot",
        "status": "available"
      },
      "geometry": {
        "type": "Polygon",
        "coordinates": [
          [
            [
              112.9926082561779,
              22.99871158915202
            ],
            [
              112.99333492284457,
              22.99871158915202
            ],
            [
              112.99333492284457,
              22.998378255818686
            ],
            [
              112.9926082561779,
              22.998378255818686
            ],
            [
              112.9926082561779,
              22.99871158915202
            ]
          ]
        ]
      }
    },
    {
      "type": "Feature",
      "properties": {
        "id": 1761387759264,
        "type": "parking_spot",
        "status": "available"
      },
      "geometry": {
        "type": "Polygon",
        "coordinates": [
          [
            [
              112.99387492284457,
              22.998738255818687
            ],
            [
              112.99421492284456,
              22.998738255818687
            ],
            [
              112.99421492284456,
              22.998018255818685
            ],
            [
              112.99387492284457,
              22.998018255818685
            ],
            [
              112.99387492284457,
              22.998738255818687
            ]
          ]
        ]
      }
    },
    {
      "type": "Feature",
      "properties": {
        "id": 1761387761156,
        "type": "parking_spot",
        "status": "available"
      },
      "geometry": {
        "type": "Polygon",
        "coordinates": [
          [
            [
              112.99422158951124,
              22.998758255818686
            ],
            [
              112.9945282561779,
              22.998758255818686
            ],
            [
              112.9945282561779,
              22.998038255818685
            ],
            [
              112.99422158951124,
              22.998038255818685
            ],
            [
              112.99422158951124,
              22.998758255818686
            ]
          ]
        ]
      }
    },
    {
      "type": "Feature",
      "properties": {
        "id": 1761387763426,
        "type": "parking_spot",
        "status": "available"
      },
      "geometry": {
        "type": "Polygon",
        "coordinates": [
          [
            [
              112.9945282561779,
              22.998771589152017
            ],
            [
              112.9948882561779,
              22.998771589152017
            ],
            [
              112.9948882561779,
              22.998031589152017
            ],
            [
              112.9945282561779,
              22.998031589152017
            ],
            [
              112.9945282561779,
              22.998771589152017
            ]
          ]
        ]
      }
    },
    {
      "type": "Feature",
      "properties": {
        "id": 1761387765269,
        "type": "parking_spot",
        "status": "available"
      },
      "geometry": {
        "type": "Polygon",
        "coordinates": [
          [
            [
              112.99499492284457,
              22.998718255818684
            ],
            [
              112.99532158951124,
              22.998718255818684
            ],
            [
              112.99532158951124,
              22.998031589152017
            ],
            [
              112.99499492284457,
              22.998031589152017
            ],
            [
              112.99499492284457,
              22.998718255818684
            ]
          ]
        ]
      }
    },
    {
      "type": "Feature",
      "properties": {
        "id": 1761387766908,
        "type": "parking_spot",
        "status": "available"
      },
      "geometry": {
        "type": "Polygon",
        "coordinates": [
          [
            [
              112.99532158951124,
              22.998718255818684
            ],
            [
              112.99563492284457,
              22.998718255818684
            ],
            [
              112.99563492284457,
              22.998024922485353
            ],
            [
              112.99532158951124,
              22.998024922485353
            ],
            [
              112.99532158951124,
              22.998718255818684
            ]
          ]
        ]
      }
    },
    {
      "type": "Feature",
      "properties": {
        "id": 1761387768792,
        "type": "parking_spot",
        "status": "available"
      },
      "geometry": {
        "type": "Polygon",
        "coordinates": [
          [
            [
              112.99565492284457,
              22.99872492248535
            ],
            [
              112.99594158951123,
              22.99872492248535
            ],
            [
              112.99594158951123,
              22.99800492248535
            ],
            [
              112.99565492284457,
              22.99800492248535
            ],
            [
              112.99565492284457,
              22.99872492248535
            ]
          ]
        ]
      }
    },
    {
      "type": "Feature",
      "properties": {
        "id": 1761387778414,
        "type": "parking_spot",
        "status": "available"
      },
      "geometry": {
        "type": "Polygon",
        "coordinates": [
          [
            [
              112.99523739257812,
              22.998021959431966
            ],
            [
              112.99595072591146,
              22.998021959431966
            ],
            [
              112.99595072591146,
              22.997681959431965
            ],
            [
              112.99523739257812,
              22.997681959431965
            ],
            [
              112.99523739257812,
              22.998021959431966
            ]
          ]
        ]
      }
    },
    {
      "type": "Feature",
      "properties": {
        "id": 1761387780010,
        "type": "parking_spot",
        "status": "available"
      },
      "geometry": {
        "type": "Polygon",
        "coordinates": [
          [
            [
              112.99523739257812,
              22.997681959431965
            ],
            [
              112.9959640592448,
              22.997681959431965
            ],
            [
              112.9959640592448,
              22.997361959431966
            ],
            [
              112.99523739257812,
              22.997361959431966
            ],
            [
              112.99523739257812,
              22.997681959431965
            ]
          ]
        ]
      }
    },
    {
      "type": "Feature",
      "properties": {
        "id": 1761387786701,
        "type": "parking_spot",
        "status": "available"
      },
      "geometry": {
        "type": "Polygon",
        "coordinates": [
          [
            [
              112.99731072591146,
              22.997701959431968
            ],
            [
              112.99801072591146,
              22.997701959431968
            ],
            [
              112.99801072591146,
              22.9973552927653
            ],
            [
              112.99731072591146,
              22.9973552927653
            ],
            [
              112.99731072591146,
              22.997701959431968
            ]
          ]
        ]
      }
    },
    {
      "type": "Feature",
      "properties": {
        "id": 1761387793862,
        "type": "parking_spot",
        "status": "available"
      },
      "geometry": {
        "type": "Polygon",
        "coordinates": [
          [
            [
              112.99729739257812,
              22.9980152927653
            ],
            [
              112.99801072591146,
              22.9980152927653
            ],
            [
              112.99801072591146,
              22.997681959431965
            ],
            [
              112.99729739257812,
              22.997681959431965
            ],
            [
              112.99729739257812,
              22.9980152927653
            ]
          ]
        ]
      }
    },
    {
      "type": "Feature",
      "properties": {
        "id": 1761387796540,
        "type": "parking_spot",
        "status": "available"
      },
      "geometry": {
        "type": "Polygon",
        "coordinates": [
          [
            [
              112.99728405924479,
              22.9987552927653
            ],
            [
              112.99762405924479,
              22.9987552927653
            ],
            [
              112.99762405924479,
              22.998021959431966
            ],
            [
              112.99728405924479,
              22.998021959431966
            ],
            [
              112.99728405924479,
              22.9987552927653
            ]
          ]
        ]
      }
    },
    {
      "type": "Feature",
      "properties": {
        "id": 1761387799054,
        "type": "parking_spot",
        "status": "available"
      },
      "geometry": {
        "type": "Polygon",
        "coordinates": [
          [
            [
              112.99763739257813,
              22.998741959431968
            ],
            [
              112.9979640592448,
              22.998741959431968
            ],
            [
              112.9979640592448,
              22.998028626098634
            ],
            [
              112.99763739257813,
              22.998028626098634
            ],
            [
              112.99763739257813,
              22.998741959431968
            ]
          ]
        ]
      }
    },
    {
      "type": "Feature",
      "properties": {
        "id": 1761387801525,
        "type": "parking_spot",
        "status": "available"
      },
      "geometry": {
        "type": "Polygon",
        "coordinates": [
          [
            [
              112.99794405924479,
              22.9987352927653
            ],
            [
              112.99825739257813,
              22.9987352927653
            ],
            [
              112.99825739257813,
              22.99800862609863
            ],
            [
              112.99794405924479,
              22.99800862609863
            ],
            [
              112.99794405924479,
              22.9987352927653
            ]
          ]
        ]
      }
    },
    {
      "type": "Feature",
      "properties": {
        "id": 1761387816083,
        "type": "parking_spot",
        "status": "available"
      },
      "geometry": {
        "type": "Polygon",
        "coordinates": [
          [
            [
              112.99892554077148,
              22.998428626098633
            ],
            [
              112.99943220743815,
              22.998428626098633
            ],
            [
              112.99943220743815,
              22.997681959431965
            ],
            [
              112.99892554077148,
              22.997681959431965
            ],
            [
              112.99892554077148,
              22.998428626098633
            ]
          ]
        ]
      }
    },
    {
      "type": "Feature",
      "properties": {
        "id": 1761387818049,
        "type": "parking_spot",
        "status": "available"
      },
      "geometry": {
        "type": "Polygon",
        "coordinates": [
          [
            [
              112.99957220743815,
              22.998708626098633
            ],
            [
              112.99988554077149,
              22.998708626098633
            ],
            [
              112.99988554077149,
              22.9979752927653
            ],
            [
              112.99957220743815,
              22.9979752927653
            ],
            [
              112.99957220743815,
              22.998708626098633
            ]
          ]
        ]
      }
    },
    {
      "type": "Feature",
      "properties": {
        "id": 1761387819737,
        "type": "parking_spot",
        "status": "available"
      },
      "geometry": {
        "type": "Polygon",
        "coordinates": [
          [
            [
              112.99987220743814,
              22.998728626098632
            ],
            [
              113.00023220743815,
              22.998728626098632
            ],
            [
              113.00023220743815,
              22.997981959431968
            ],
            [
              112.99987220743814,
              22.997981959431968
            ],
            [
              112.99987220743814,
              22.998728626098632
            ]
          ]
        ]
      }
    },
    {
      "type": "Feature",
      "properties": {
        "id": 1761387821827,
        "type": "parking_spot",
        "status": "available"
      },
      "geometry": {
        "type": "Polygon",
        "coordinates": [
          [
            [
              113.00023887410482,
              22.998681959431966
            ],
            [
              113.00053220743816,
              22.998681959431966
            ],
            [
              113.00053220743816,
              22.997981959431968
            ],
            [
              113.00023887410482,
              22.997981959431968
            ],
            [
              113.00023887410482,
              22.998681959431966
            ]
          ]
        ]
      }
    },
    {
      "type": "Feature",
      "properties": {
        "id": 1761387824813,
        "type": "parking_spot",
        "status": "available"
      },
      "geometry": {
        "type": "Polygon",
        "coordinates": [
          [
            [
              113.00069220743815,
              22.998421959431965
            ],
            [
              113.00117220743815,
              22.998421959431965
            ],
            [
              113.00117220743815,
              22.997688626098633
            ],
            [
              113.00069220743815,
              22.997688626098633
            ],
            [
              113.00069220743815,
              22.998421959431965
            ]
          ]
        ]
      }
    },
    {
      "type": "Feature",
      "properties": {
        "id": 1761387827184,
        "type": "parking_spot",
        "status": "available"
      },
      "geometry": {
        "type": "Polygon",
        "coordinates": [
          [
            [
              113.00020554077149,
              23.00033084838867
            ],
            [
              113.00053220743816,
              23.00033084838867
            ],
            [
              113.00053220743816,
              22.999604181722006
            ],
            [
              113.00020554077149,
              22.999604181722006
            ],
            [
              113.00020554077149,
              23.00033084838867
            ]
          ]
        ]
      }
    },
    {
      "type": "Feature",
      "properties": {
        "id": 1761387828989,
        "type": "parking_spot",
        "status": "available"
      },
      "geometry": {
        "type": "Polygon",
        "coordinates": [
          [
            [
              112.99989220743815,
              23.00033751505534
            ],
            [
              113.00021887410482,
              23.00033751505534
            ],
            [
              113.00021887410482,
              22.999610848388674
            ],
            [
              112.99989220743815,
              22.999610848388674
            ],
            [
              112.99989220743815,
              23.00033751505534
            ]
          ]
        ]
      }
    },
    {
      "type": "Feature",
      "properties": {
        "id": 1761387830710,
        "type": "parking_spot",
        "status": "available"
      },
      "geometry": {
        "type": "Polygon",
        "coordinates": [
          [
            [
              112.99956554077148,
              23.000324181722004
            ],
            [
              112.99989887410482,
              23.000324181722004
            ],
            [
              112.99989887410482,
              22.999604181722006
            ],
            [
              112.99956554077148,
              22.999604181722006
            ],
            [
              112.99956554077148,
              23.000324181722004
            ]
          ]
        ]
      }
    },
    {
      "type": "Feature",
      "properties": {
        "id": 1761387832501,
        "type": "parking_spot",
        "status": "available"
      },
      "geometry": {
        "type": "Polygon",
        "coordinates": [
          [
            [
              112.99907220743815,
              23.000357515055338
            ],
            [
              112.99941220743816,
              23.000357515055338
            ],
            [
              112.99941220743816,
              22.999617515055338
            ],
            [
              112.99907220743815,
              22.999617515055338
            ],
            [
              112.99907220743815,
              23.000357515055338
            ]
          ]
        ]
      }
    },
    {
      "type": "Feature",
      "properties": {
        "id": 1761387834442,
        "type": "parking_spot",
        "status": "available"
      },
      "geometry": {
        "type": "Polygon",
        "coordinates": [
          [
            [
              112.99871887410482,
              23.00033751505534
            ],
            [
              112.99908554077149,
              23.00033751505534
            ],
            [
              112.99908554077149,
              22.999604181722006
            ],
            [
              112.99871887410482,
              22.999604181722006
            ],
            [
              112.99871887410482,
              23.00033751505534
            ]
          ]
        ]
      }
    },
    {
      "type": "Feature",
      "properties": {
        "id": 1761387836142,
        "type": "parking_spot",
        "status": "available"
      },
      "geometry": {
        "type": "Polygon",
        "coordinates": [
          [
            [
              112.99841887410481,
              23.000357515055338
            ],
            [
              112.99871887410482,
              23.000357515055338
            ],
            [
              112.99871887410482,
              22.999610848388674
            ],
            [
              112.99841887410481,
              22.999610848388674
            ],
            [
              112.99841887410481,
              23.000357515055338
            ]
          ]
        ]
      }
    },
    {
      "type": "Feature",
      "properties": {
        "id": 1761387839817,
        "type": "parking_spot",
        "status": "available"
      },
      "geometry": {
        "type": "Polygon",
        "coordinates": [
          [
            [
              112.99794331827799,
              23.00033751505534
            ],
            [
              112.99826331827799,
              23.00033751505534
            ],
            [
              112.99826331827799,
              22.999617515055338
            ],
            [
              112.99794331827799,
              22.999617515055338
            ],
            [
              112.99794331827799,
              23.00033751505534
            ]
          ]
        ]
      }
    },
    {
      "type": "Feature",
      "properties": {
        "id": 1761387841429,
        "type": "parking_spot",
        "status": "available"
      },
      "geometry": {
        "type": "Polygon",
        "coordinates": [
          [
            [
              112.99760998494466,
              23.000324181722004
            ],
            [
              112.99793665161133,
              23.000324181722004
            ],
            [
              112.99793665161133,
              22.99959751505534
            ],
            [
              112.99760998494466,
              22.99959751505534
            ],
            [
              112.99760998494466,
              23.000324181722004
            ]
          ]
        ]
      }
    },
    {
      "type": "Feature",
      "properties": {
        "id": 1761387843152,
        "type": "parking_spot",
        "status": "available"
      },
      "geometry": {
        "type": "Polygon",
        "coordinates": [
          [
            [
              112.99731665161133,
              23.000324181722004
            ],
            [
              112.99762998494467,
              23.000324181722004
            ],
            [
              112.99762998494467,
              22.999610848388674
            ],
            [
              112.99731665161133,
              22.999610848388674
            ],
            [
              112.99731665161133,
              23.000324181722004
            ]
          ]
        ]
      }
    },
    {
      "type": "Feature",
      "properties": {
        "id": 1761387844899,
        "type": "parking_spot",
        "status": "available"
      },
      "geometry": {
        "type": "Polygon",
        "coordinates": [
          [
            [
              112.99681665161133,
              23.00033751505534
            ],
            [
              112.99713665161133,
              23.00033751505534
            ],
            [
              112.99713665161133,
              22.999624181722005
            ],
            [
              112.99681665161133,
              22.999624181722005
            ],
            [
              112.99681665161133,
              23.00033751505534
            ]
          ]
        ]
      }
    },
    {
      "type": "Feature",
      "properties": {
        "id": 1761387846611,
        "type": "parking_spot",
        "status": "available"
      },
      "geometry": {
        "type": "Polygon",
        "coordinates": [
          [
            [
              112.99653665161132,
              23.000310848388672
            ],
            [
              112.99685665161132,
              23.000310848388672
            ],
            [
              112.99685665161132,
              22.999617515055338
            ],
            [
              112.99653665161132,
              22.999617515055338
            ],
            [
              112.99653665161132,
              23.000310848388672
            ]
          ]
        ]
      }
    },
    {
      "type": "Feature",
      "properties": {
        "id": 1761387848982,
        "type": "parking_spot",
        "status": "available"
      },
      "geometry": {
        "type": "Polygon",
        "coordinates": [
          [
            [
              112.99620998494466,
              23.00033751505534
            ],
            [
              112.996543318278,
              23.00033751505534
            ],
            [
              112.996543318278,
              22.999610848388674
            ],
            [
              112.99620998494466,
              22.999610848388674
            ],
            [
              112.99620998494466,
              23.00033751505534
            ]
          ]
        ]
      }
    },
    {
      "type": "Feature",
      "properties": {
        "id": 1761387851258,
        "type": "parking_spot",
        "status": "available"
      },
      "geometry": {
        "type": "Polygon",
        "coordinates": [
          [
            [
              112.995643318278,
              23.000304181722004
            ],
            [
              112.99597665161133,
              23.000304181722004
            ],
            [
              112.99597665161133,
              22.999617515055338
            ],
            [
              112.995643318278,
              22.999617515055338
            ],
            [
              112.995643318278,
              23.000304181722004
            ]
          ]
        ]
      }
    },
    {
      "type": "Feature",
      "properties": {
        "id": 1761387853233,
        "type": "parking_spot",
        "status": "available"
      },
      "geometry": {
        "type": "Polygon",
        "coordinates": [
          [
            [
              112.99529665161133,
              23.00033751505534
            ],
            [
              112.99563665161133,
              23.00033751505534
            ],
            [
              112.99563665161133,
              22.999604181722006
            ],
            [
              112.99529665161133,
              22.999604181722006
            ],
            [
              112.99529665161133,
              23.00033751505534
            ]
          ]
        ]
      }
    },
    {
      "type": "Feature",
      "properties": {
        "id": 1761387854987,
        "type": "parking_spot",
        "status": "available"
      },
      "geometry": {
        "type": "Polygon",
        "coordinates": [
          [
            [
              112.995003318278,
              23.000324181722004
            ],
            [
              112.99530998494465,
              23.000324181722004
            ],
            [
              112.99530998494465,
              22.999610848388674
            ],
            [
              112.995003318278,
              22.999610848388674
            ],
            [
              112.995003318278,
              23.000324181722004
            ]
          ]
        ]
      }
    },
    {
      "type": "Feature",
      "properties": {
        "id": 1761387856801,
        "type": "parking_spot",
        "status": "available"
      },
      "geometry": {
        "type": "Polygon",
        "coordinates": [
          [
            [
              112.994463318278,
              23.00035084838867
            ],
            [
              112.99478998494466,
              23.00035084838867
            ],
            [
              112.99478998494466,
              22.999610848388674
            ],
            [
              112.994463318278,
              22.999610848388674
            ],
            [
              112.994463318278,
              23.00035084838867
            ]
          ]
        ]
      }
    },
    {
      "type": "Feature",
      "properties": {
        "id": 1761387858521,
        "type": "parking_spot",
        "status": "available"
      },
      "geometry": {
        "type": "Polygon",
        "coordinates": [
          [
            [
              112.99412998494466,
              23.00033751505534
            ],
            [
              112.99446998494466,
              23.00033751505534
            ],
            [
              112.99446998494466,
              22.999604181722006
            ],
            [
              112.99412998494466,
              22.999604181722006
            ],
            [
              112.99412998494466,
              23.00033751505534
            ]
          ]
        ]
      }
    },
    {
      "type": "Feature",
      "properties": {
        "id": 1761387860352,
        "type": "parking_spot",
        "status": "available"
      },
      "geometry": {
        "type": "Polygon",
        "coordinates": [
          [
            [
              112.99382998494467,
              23.000357515055338
            ],
            [
              112.99414331827799,
              23.000357515055338
            ],
            [
              112.99414331827799,
              22.999604181722006
            ],
            [
              112.99382998494467,
              22.999604181722006
            ],
            [
              112.99382998494467,
              23.000357515055338
            ]
          ]
        ]
      }
    },
    {
      "type": "Feature",
      "properties": {
        "id": 1761387862312,
        "type": "parking_spot",
        "status": "available"
      },
      "geometry": {
        "type": "Polygon",
        "coordinates": [
          [
            [
              112.99331665161132,
              23.00033751505534
            ],
            [
              112.99364331827799,
              23.00033751505534
            ],
            [
              112.99364331827799,
              22.999624181722005
            ],
            [
              112.99331665161132,
              22.999624181722005
            ],
            [
              112.99331665161132,
              23.00033751505534
            ]
          ]
        ]
      }
    },
    {
      "type": "Feature",
      "properties": {
        "id": 1761387863946,
        "type": "parking_spot",
        "status": "available"
      },
      "geometry": {
        "type": "Polygon",
        "coordinates": [
          [
            [
              112.99296998494466,
              23.00033751505534
            ],
            [
              112.99330998494466,
              23.00033751505534
            ],
            [
              112.99330998494466,
              22.999624181722005
            ],
            [
              112.99296998494466,
              22.999624181722005
            ],
            [
              112.99296998494466,
              23.00033751505534
            ]
          ]
        ]
      }
    },
    {
      "type": "Feature",
      "properties": {
        "id": 1761387866017,
        "type": "parking_spot",
        "status": "available"
      },
      "geometry": {
        "type": "Polygon",
        "coordinates": [
          [
            [
              112.992683318278,
              23.000324181722004
            ],
            [
              112.99296998494466,
              23.000324181722004
            ],
            [
              112.99296998494466,
              22.999610848388674
            ],
            [
              112.992683318278,
              22.999610848388674
            ],
            [
              112.992683318278,
              23.000324181722004
            ]
          ]
        ]
      }
    },
    {
      "type": "Feature",
      "properties": {
        "id": 1761387932860,
        "type": "wall"
      },
      "geometry": {
        "type": "Polygon",
        "coordinates": [
          [
            [
              112.98919111114502,
              23.0031
            ],
            [
              113.00409111114502,
              23.0031
            ],
            [
              113.00409111114502,
              23.003
            ],
            [
              112.98919111114502,
              23.003
            ],
            [
              112.98919111114502,
              23.0031
            ]
          ]
        ]
      }
    },
    {
      "type": "Feature",
      "properties": {
        "id": 1761387941238,
        "type": "wall"
      },
      "geometry": {
        "type": "Polygon",
        "coordinates": [
          [
            [
              113.00404888916016,
              23.00313
            ],
            [
              113.01088888916016,
              23.00313
            ],
            [
              113.01088888916016,
              23.00302
            ],
            [
              113.00404888916016,
              23.00302
            ],
            [
              113.00404888916016,
              23.00313
            ]
          ]
        ]
      }
    },
    {
      "type": "Feature",
      "properties": {
        "id": 1761387945546,
        "type": "wall"
      },
      "geometry": {
        "type": "Polygon",
        "coordinates": [
          [
            [
              113.01082888916015,
              23.00307666656494
            ],
            [
              113.01089888916016,
              23.00307666656494
            ],
            [
              113.01089888916016,
              23.00194666656494
            ],
            [
              113.01082888916015,
              23.00194666656494
            ],
            [
              113.01082888916015,
              23.00307666656494
            ]
          ]
        ]
      }
    },
    {
      "type": "Feature",
      "properties": {
        "id": 1761387953363,
        "type": "wall"
      },
      "geometry": {
        "type": "Polygon",
        "coordinates": [
          [
            [
              113.01082888916015,
              23.001986666641237
            ],
            [
              113.01094888916016,
              23.001986666641237
            ],
            [
              113.01094888916016,
              22.995346666641236
            ],
            [
              113.01082888916015,
              22.995346666641236
            ],
            [
              113.01082888916015,
              23.001986666641237
            ]
          ]
        ]
      }
    },
    {
      "type": "Feature",
      "properties": {
        "id": 1761387963592,
        "type": "wall"
      },
      "geometry": {
        "type": "Polygon",
        "coordinates": [
          [
            [
              113.00970888916015,
              23.000916666641235
            ],
            [
              113.00981888916016,
              23.000916666641235
            ],
            [
              113.00981888916016,
              22.996876666641235
            ],
            [
              113.00970888916015,
              22.996876666641235
            ],
            [
              113.00970888916015,
              23.000916666641235
            ]
          ]
        ]
      }
    },
    {
      "type": "Feature",
      "properties": {
        "id": 1761387967141,
        "type": "wall"
      },
      "geometry": {
        "type": "Polygon",
        "coordinates": [
          [
            [
              113.00972888916016,
              22.996896666641234
            ],
            [
              113.00979888916015,
              22.996896666641234
            ],
            [
              113.00979888916015,
              22.994736666641234
            ],
            [
              113.00972888916016,
              22.994736666641234
            ],
            [
              113.00972888916016,
              22.996896666641234
            ]
          ]
        ]
      }
    },
    {
      "type": "Feature",
      "properties": {
        "id": 1761387977943,
        "type": "wall"
      },
      "geometry": {
        "type": "Polygon",
        "coordinates": [
          [
            [
              113.00392888916015,
              22.99730333328247
            ],
            [
              113.00971888916015,
              22.99730333328247
            ],
            [
              113.00971888916015,
              22.99723333328247
            ],
            [
              113.00392888916015,
              22.99723333328247
            ],
            [
              113.00392888916015,
              22.99730333328247
            ]
          ]
        ]
      }
    },
    {
      "type": "Feature",
      "properties": {
        "id": 1761388053954,
        "type": "wall"
      },
      "geometry": {
        "type": "Polygon",
        "coordinates": [
          [
            [
              113.00170888885498,
              22.9998
            ],
            [
              113.00395888885498,
              22.9998
            ],
            [
              113.00395888885498,
              22.99973
            ],
            [
              113.00170888885498,
              22.99973
            ],
            [
              113.00170888885498,
              22.9998
            ]
          ]
        ]
      }
    },
    {
      "type": "Feature",
      "properties": {
        "id": 1761388067521,
        "type": "wall"
      },
      "geometry": {
        "type": "Polygon",
        "coordinates": [
          [
            [
              112.99944888885499,
              22.99732
            ],
            [
              113.00393888885498,
              22.99732
            ],
            [
              113.00393888885498,
              22.99725
            ],
            [
              112.99944888885499,
              22.99725
            ],
            [
              112.99944888885499,
              22.99732
            ]
          ]
        ]
      }
    },
    {
      "type": "Feature",
      "properties": {
        "id": 1761388075250,
        "type": "wall"
      },
      "geometry": {
        "type": "Polygon",
        "coordinates": [
          [
            [
              112.99253888885498,
              22.99732
            ],
            [
              112.99943888885498,
              22.99732
            ],
            [
              112.99943888885498,
              22.99725
            ],
            [
              112.99253888885498,
              22.99725
            ],
            [
              112.99253888885498,
              22.99732
            ]
          ]
        ]
      }
    },
    {
      "type": "Feature",
      "properties": {
        "id": 1761388081451,
        "type": "wall"
      },
      "geometry": {
        "type": "Polygon",
        "coordinates": [
          [
            [
              112.99018,
              22.997276666641234
            ],
            [
              112.99315,
              22.997276666641234
            ],
            [
              112.99315,
              22.997196666641237
            ],
            [
              112.99018,
              22.997196666641237
            ],
            [
              112.99018,
              22.997276666641234
            ]
          ]
        ]
      }
    },
    {
      "type": "Feature",
      "properties": {
        "id": 1761388088848,
        "type": "wall"
      },
      "geometry": {
        "type": "Polygon",
        "coordinates": [
          [
            [
              112.9892,
              23.003076666641235
            ],
            [
              112.98925,
              23.003076666641235
            ],
            [
              112.98925,
              22.994716666641235
            ],
            [
              112.9892,
              22.994716666641235
            ],
            [
              112.9892,
              23.003076666641235
            ]
          ]
        ]
      }
    },
    {
      "type": "Feature",
      "properties": {
        "id": 1761388093469,
        "type": "wall"
      },
      "geometry": {
        "type": "Polygon",
        "coordinates": [
          [
            [
              112.9891,
              23.003036666641236
            ],
            [
              112.98926,
              23.003036666641236
            ],
            [
              112.98926,
              22.994626666641235
            ],
            [
              112.9891,
              22.994626666641235
            ],
            [
              112.9891,
              23.003036666641236
            ]
          ]
        ]
      }
    },
    {
      "type": "Feature",
      "properties": {
        "id": 1761388102803,
        "type": "wall"
      },
      "geometry": {
        "type": "Polygon",
        "coordinates": [
          [
            [
              112.9903,
              23.00096
            ],
            [
              112.99038,
              23.00096
            ],
            [
              112.99038,
              22.99468
            ],
            [
              112.9903,
              22.99468
            ],
            [
              112.9903,
              23.00096
            ]
          ]
        ]
      }
    },
    {
      "type": "Feature",
      "properties": {
        "id": 1761387881893,
        "type": "entrance",
        "name": "入口"
      },
      "geometry": {
        "type": "Point",
        "coordinates": [
          113.01034615885416,
          22.995045662841797
        ]
      }
    },
    {
      "type": "Feature",
      "properties": {
        "id": 1761387887839,
        "type": "entrance",
        "name": "入口"
      },
      "geometry": {
        "type": "Point",
        "coordinates": [
          112.9897734413147,
          23.001741219278973
        ]
      }
    },
    {
      "type": "Feature",
      "properties": {
        "id": 1761387900794,
        "type": "elevator",
        "name": "电梯"
      },
      "geometry": {
        "type": "Point",
        "coordinates": [
          113.00144850423177,
          22.998111959431967
        ]
      }
    },
    {
      "type": "Feature",
      "properties": {
        "id": 1761388116559,
        "type": "obstacle"
      },
      "geometry": {
        "type": "Polygon",
        "coordinates": [
          [
            [
              112.99032,
              23.00200666656494
            ],
            [
              112.99039,
              23.00200666656494
            ],
            [
              112.99039,
              23.00194666656494
            ],
            [
              112.99032,
              23.00194666656494
            ],
            [
              112.99032,
              23.00200666656494
            ]
          ]
        ]
      }
    },
    {
      "type": "Feature",
      "properties": {
        "id": 1761388121547,
        "type": "obstacle"
      },
      "geometry": {
        "type": "Polygon",
        "coordinates": [
          [
            [
              112.99141,
              23.00091666656494
            ],
            [
              112.9915,
              23.00091666656494
            ],
            [
              112.9915,
              23.000856666564943
            ],
            [
              112.99141,
              23.000856666564943
            ],
            [
              112.99141,
              23.00091666656494
            ]
          ]
        ]
      }
    },
    {
      "type": "Feature",
      "properties": {
        "id": 1761388125664,
        "type": "obstacle"
      },
      "geometry": {
        "type": "Polygon",
        "coordinates": [
          [
            [
              112.99368,
              23.001996666564942
            ],
            [
              112.99375,
              23.001996666564942
            ],
            [
              112.99375,
              23.00193666656494
            ],
            [
              112.99368,
              23.00193666656494
            ],
            [
              112.99368,
              23.001996666564942
            ]
          ]
        ]
      }
    },
    {
      "type": "Feature",
      "properties": {
        "id": 1761386359505,
        "type": "traffic_sign",
        "signType": "left-right"
      },
      "geometry": {
        "type": "Point",
        "coordinates": [
          112.992255,
          23.0003
        ]
      }
    },
    {
      "type": "Feature",
      "properties": {
        "id": 1761386365497,
        "type": "traffic_sign",
        "signType": "right"
      },
      "geometry": {
        "type": "Point",
        "coordinates": [
          112.990035,
          23.00063
        ]
      }
    },
    {
      "type": "Feature",
      "properties": {
        "id": 1761388153965,
        "type": "traffic_sign",
        "signType": "straight"
      },
      "geometry": {
        "type": "Point",
        "coordinates": [
          112.98998,
          22.996066666641234
        ]
      }
    },
    {
      "type": "Feature",
      "properties": {
        "id": 1761388183624,
        "type": "traffic_sign",
        "signType": "straight"
      },
      "geometry": {
        "type": "Point",
        "coordinates": [
          113.01059888916015,
          22.99770333328247
        ]
      }
    },
    {
      "type": "Feature",
      "properties": {
        "id": 1761388188722,
        "type": "traffic_sign",
        "signType": "left"
      },
      "geometry": {
        "type": "Point",
        "coordinates": [
          113.01056888916015,
          23.00059
        ]
      }
    }
  ]
}